CaterpillarG3608-Cyl8-2018-09-10 00:15:12,CaterpillarG3608-Cyl8-2018-09-10 00:17:21,CaterpillarG3608-Cyl8-2018-09-10 00:20:05,CaterpillarG3608-Cyl8-2018-09-10 00:21:57,CaterpillarG3608-Cyl8-2018-09-10 00:23:40,CaterpillarG3608-Cyl8-2018-09-10 00:25:42,CaterpillarG3608-Cyl8-2018-09-10 00:27:20,CaterpillarG3608-Cyl8-2018-09-10 00:29:15,CaterpillarG3608-Cyl8-2018-09-10 00:30:49,CaterpillarG3608-Cyl8-2018-09-10 00:32:40,CaterpillarG3608-Cyl8-2018-09-10 00:34:23,CaterpillarG3608-Cyl8-2018-09-10 00:35:55,CaterpillarG3608-Cyl8-2018-09-10 00:37:38,CaterpillarG3608-Cyl8-2018-09-10 00:39:21,CaterpillarG3608-Cyl8-2018-09-10 00:40:56
18436.57039,19085.16433,20489.61248,19171.78793,18638.98076,18118.11215,18123.25127,18239.85314,19466.86625,18448.11055,19981.35969,19632.05545,23438.16215,21364.84088,20107.3269
151.5273605,151.7342315,152.413197,152.3413052,153.0813278,152.8237344,153.6388909,153.0351999,152.6417082,152.357591,152.1228866,152.0129269,151.4917045,151.3435874,152.7704036
202.44,203.92,198.12,200.58,197.26,202.72,215.34,198.3,203.28,200.54,196.38,192.34,201.48,198.02,200.48
89.4,99.34,88.3,86.76,79.96,90.92,91.1,78.42,95.62,65.8,80.38,85.4,75.86,82.74,86.56
151.5439927,151.7507087,152.4275443,152.3587108,153.0982355,152.8506811,153.6622503,153.0546279,152.66168,152.3761902,152.1455038,152.0321959,151.5058852,151.3570943,152.7906176
-118.8715991,-114.7816759,-121.6481908,-116.8292572,-118.3595249,-120.4592095,-121.5319797,-118.9156453,-117.6007729,-114.80945,-117.3298791,-115.3015294,-115.8613927,-115.7197744,-117.1580386
0.060032781,0.072036225,0.067527918,0.04963923,0.051989557,0.039054422,0.064331814,0.047162657,0.064520049,0.06139773,0.050344389,0.048205408,0.052911057,0.066255259,0.063926459
0.335516537,0.378541336,0.373014506,0.302852962,0.295421242,0.242813848,0.330430604,0.270197798,0.300966474,0.311796913,0.262928922,0.268767364,0.280537046,0.314665933,0.348557018
0.283591554,0.335326844,0.317373426,0.266691384,0.26076036,0.249900295,0.287023028,0.233016271,0.297192093,0.293772536,0.257972624,0.246043841,0.282343551,0.276452625,0.300035591
0.248320335,0.28275772,0.266759371,0.260006321,0.250762877,0.260542215,0.348473183,0.268763297,0.232751655,0.319486684,0.271266664,0.241065048,0.285911101,0.279521623,0.265747282
0.260004652,0.273190141,0.252240382,0.267574009,0.265510776,0.298053312,0.357087527,0.293283494,0.212270129,0.284017818,0.277388071,0.257590213,0.268325213,0.266118078,0.28087441
0.24410249,0.223435169,0.21762703,0.242219383,0.224822436,0.282079616,0.247615226,0.225942328,0.23161537,0.20309622,0.251708936,0.234215159,0.21909364,0.229558884,0.256721032
0.225186672,0.211206666,0.242900868,0.196325299,0.236902054,0.229173614,0.17064239,0.194442978,0.217792797,0.195071092,0.204117149,0.214865737,0.222582887,0.217355655,0.236771167
0.198859142,0.206904309,0.256910158,0.214802123,0.202743348,0.21283151,0.201914344,0.193606476,0.24079151,0.202981082,0.228705408,0.183808192,0.214246397,0.243798099,0.233496683
0.250562402,0.222422752,0.21966195,0.217850367,0.215351407,0.228572455,0.218929737,0.208020037,0.226646814,0.204519834,0.223072251,0.190671256,0.231525977,0.251378631,0.218120939
0.241424788,0.196017801,0.209658561,0.207602904,0.203713437,0.208069961,0.203874902,0.240144469,0.191170977,0.197873428,0.193173248,0.208888813,0.225702576,0.233634358,0.207277309
0.22558627,0.18286689,0.22997546,0.199529969,0.226098614,0.214982271,0.199488019,0.233606477,0.184909605,0.204573714,0.201340662,0.203528756,0.229106533,0.226585767,0.20738148
0.222647209,0.202383703,0.217049135,0.195523111,0.216118993,0.208780137,0.195033674,0.203367408,0.217344021,0.20331459,0.211213036,0.197445374,0.2164998,0.226499075,0.20548406
0.221033563,0.219725911,0.223376778,0.199266202,0.187062417,0.199676844,0.18978338,0.18948115,0.214380361,0.181149699,0.209183046,0.22395554,0.230512506,0.2350482,0.216445935
0.181150343,0.239981576,0.223967265,0.213123201,0.181436975,0.193514709,0.178615528,0.214813401,0.195623994,0.206033054,0.210611114,0.220197493,0.229041526,0.228257589,0.2465578
0.175960837,0.226001503,0.205187127,0.209927034,0.195013223,0.188987142,0.229398612,0.20611673,0.193851518,0.217627726,0.218773713,0.214014498,0.219025734,0.248778415,0.21313114
0.201650712,0.227827194,0.186306367,0.189432368,0.217383355,0.183202104,0.196078305,0.203657539,0.189617644,0.200072717,0.21626317,0.194186987,0.211042158,0.249620496,0.210432061
0.203446043,0.218172542,0.217712655,0.18786921,0.17907133,0.194624642,0.179704619,0.20476569,0.206416494,0.207217087,0.221848432,0.196334393,0.210648745,0.236412373,0.228476393
0.19952952,0.212660172,0.21109091,0.179389751,0.175953309,0.246080133,0.201447093,0.22010295,0.200596058,0.215831953,0.192968703,0.219116127,0.230102065,0.234744316,0.215869459
0.179241324,0.220218015,0.207463949,0.196404844,0.209545986,0.251962885,0.182921657,0.215052635,0.21107247,0.225133901,0.200728361,0.22505435,0.23516551,0.233365328,0.179298466
0.208721582,0.2042108,0.203065588,0.208034698,0.204435323,0.211273887,0.177108861,0.197040966,0.21759985,0.217074966,0.204971364,0.221605907,0.223579717,0.249854043,0.184665815
0.217228485,0.213997574,0.211535484,0.220246589,0.194016379,0.216557732,0.187126048,0.200168785,0.214545402,0.20215516,0.201522016,0.182705287,0.211364033,0.254929895,0.192521901
0.202282811,0.227229273,0.217534703,0.231971977,0.203092371,0.228707184,0.199916188,0.220163239,0.210602186,0.200106593,0.200547475,0.182142239,0.221260002,0.236580094,0.187063509
0.208889028,0.188452778,0.216646884,0.18711929,0.210812645,0.216278135,0.167681478,0.219247056,0.209590009,0.207107339,0.195241798,0.216435876,0.211056499,0.226515739,0.199769962
0.206751554,0.182564569,0.213725251,0.195290413,0.232827758,0.197045824,0.168462102,0.199122454,0.202672566,0.196180169,0.218377174,0.189272343,0.200529468,0.25198386,0.186812582
0.19059908,0.220496808,0.205335377,0.205205768,0.205398138,0.169846895,0.227385423,0.201601937,0.229181362,0.179807394,0.202393633,0.238635059,0.213365312,0.226661694,0.20460915
0.201545783,0.208082428,0.231551484,0.211417923,0.205063752,0.16427802,0.196046932,0.210602161,0.233446368,0.185358989,0.175065276,0.228156628,0.218896811,0.208361822,0.210139491
0.194125657,0.181260351,0.217823668,0.203865959,0.198962693,0.195632588,0.18556949,0.198041906,0.1983942,0.177628367,0.186572507,0.205266022,0.229087257,0.207915816,0.200031076
0.207275096,0.200958795,0.205944477,0.192864753,0.214923879,0.20980095,0.184224625,0.196517021,0.186170277,0.213760819,0.225616982,0.206662638,0.216726026,0.21808134,0.206957389
0.203532255,0.199415919,0.21234043,0.194423885,0.225861836,0.204501022,0.183906146,0.215226332,0.189145964,0.193113622,0.237971061,0.229815247,0.228049444,0.210736699,0.189175969
0.193267382,0.222474417,0.215556029,0.217524392,0.20176173,0.191912892,0.20681016,0.218169466,0.207643167,0.189632192,0.221749322,0.214258767,0.220475414,0.20607515,0.207333117
0.188392006,0.226287951,0.208082048,0.194922494,0.204021498,0.215385353,0.219381184,0.182439038,0.211503699,0.192222833,0.218491957,0.203442514,0.20319541,0.219605923,0.216423509
0.181614342,0.211886119,0.203497651,0.189337523,0.202160095,0.227987787,0.230985573,0.175827352,0.226033811,0.202399868,0.219398342,0.209011829,0.217359397,0.202440689,0.218552594
0.19356586,0.194606186,0.191304198,0.185072655,0.187112072,0.208651063,0.242854837,0.191563998,0.200143563,0.194126569,0.218250147,0.188100861,0.213536968,0.209220721,0.200064701
0.206134739,0.209165343,0.204080632,0.183583273,0.202059612,0.210086204,0.1967999,0.190549965,0.185183687,0.168722465,0.225167394,0.206565481,0.20052403,0.215703013,0.194518952
0.198963407,0.206753002,0.214283333,0.193723893,0.203587697,0.211168255,0.195229091,0.19082921,0.210583214,0.185732886,0.231962773,0.253492657,0.23442084,0.24550953,0.211710104
0.207266051,0.221636252,0.210494815,0.198643033,0.212328985,0.203221379,0.200240447,0.188063979,0.215786851,0.212090333,0.226403012,0.238075745,0.224018382,0.204891336,0.202797589
0.225434387,0.234183166,0.207279751,0.205981359,0.205006462,0.181821494,0.20667248,0.188708317,0.214594867,0.211268445,0.23316041,0.214883863,0.187929063,0.193017992,0.212146474
0.229463656,0.213585288,0.206925641,0.208522768,0.209397097,0.201560648,0.206877854,0.195233794,0.199398552,0.21719667,0.215815111,0.203392584,0.186234248,0.192658745,0.198122339
0.221698051,0.195212129,0.221543403,0.197648525,0.200390569,0.186737242,0.212269453,0.210492844,0.178183491,0.207652776,0.205588412,0.215280657,0.205096124,0.181229859,0.211014737
0.21882476,0.211483734,0.237307774,0.208116094,0.185519959,0.191297649,0.206467641,0.205175365,0.195521311,0.203463972,0.212312516,0.219348537,0.219301905,0.200447634,0.209649148
0.227140945,0.211049527,0.233895243,0.200753814,0.178366027,0.192760578,0.216503802,0.227060294,0.179919067,0.196330153,0.207327764,0.200453371,0.209402919,0.206864082,0.196965744
0.213028338,0.195223375,0.228354959,0.182874461,0.176929075,0.180596087,0.208784383,0.212097223,0.186587351,0.197230736,0.212322807,0.203272191,0.226769364,0.20844711,0.198355233
0.18849397,0.20216663,0.229742026,0.170582207,0.1868136,0.184169096,0.215637742,0.200179195,0.167105427,0.219595969,0.233350001,0.191119647,0.207396174,0.218176161,0.215733515
0.199297463,0.209747572,0.239830044,0.179744825,0.191494827,0.192973679,0.238420461,0.209202091,0.159855085,0.216505832,0.213634314,0.167523242,0.206682423,0.210210273,0.199364746
0.201307871,0.195723421,0.225611566,0.194970706,0.207129267,0.202246715,0.205283324,0.20363436,0.195778499,0.203128617,0.220311332,0.1876324,0.219590589,0.209515826,0.219797413
0.187859609,0.194055651,0.208024866,0.195402292,0.207621306,0.21767911,0.178858409,0.184196759,0.232623632,0.206431669,0.234427523,0.22108696,0.213441668,0.220534334,0.20972669
0.191819885,0.214337417,0.190881131,0.188362458,0.186320461,0.211105176,0.179528214,0.200321645,0.214656415,0.18390933,0.223722257,0.229403934,0.224133904,0.216649241,0.180354214
0.184743138,0.218041771,0.184699456,0.189422711,0.196048989,0.2087611,0.22554409,0.238695495,0.182109998,0.200505233,0.210048504,0.202012098,0.231278158,0.222057291,0.197956833
0.217478485,0.23557751,0.189112487,0.183768744,0.200604086,0.220186098,0.210299334,0.257473814,0.189967707,0.209455266,0.211047605,0.178462365,0.221184603,0.219237858,0.189375284
0.226934246,0.226234428,0.204915865,0.207101195,0.180708433,0.232779798,0.187337613,0.219986882,0.176535498,0.205340197,0.220536248,0.192041399,0.226267897,0.225774782,0.167526627
0.199295811,0.201720898,0.220003391,0.213229691,0.18902936,0.215242261,0.190210854,0.194117173,0.191798681,0.181577656,0.199082804,0.226462964,0.226556443,0.239694368,0.201085741
0.222827723,0.216802517,0.212521254,0.199855725,0.217443703,0.204195317,0.176932466,0.190246068,0.237669845,0.199133488,0.186272694,0.234168911,0.218743133,0.221903234,0.232321392
0.214351237,0.214789886,0.188801086,0.194538509,0.220442141,0.20263052,0.185632239,0.196405948,0.210757905,0.213550642,0.203751044,0.235671796,0.194718616,0.199099606,0.234270839
0.197632261,0.193650086,0.181014057,0.206536024,0.191878097,0.223790335,0.216559303,0.231664398,0.171773168,0.19856291,0.227649098,0.207495147,0.204806757,0.219177661,0.218205929
0.208420021,0.217279638,0.191059926,0.211075638,0.20365396,0.224825261,0.216207929,0.209550126,0.195238888,0.201275077,0.200574198,0.195142765,0.228040153,0.216831118,0.180485067
0.201903918,0.212843865,0.22931865,0.18501405,0.22660991,0.206338695,0.224832754,0.188361994,0.229472801,0.2121891,0.199758193,0.177318767,0.214426552,0.204521679,0.18756176
0.2034147,0.216521178,0.247438607,0.182696401,0.217204655,0.219720891,0.238080271,0.231364188,0.231320697,0.202505828,0.218974132,0.198467004,0.208473962,0.183608639,0.208350383
0.177089929,0.236961182,0.241780385,0.194985763,0.195715232,0.200888449,0.232537597,0.224356281,0.218734481,0.204172598,0.227477678,0.212458769,0.218307508,0.198464685,0.191095412
0.187992301,0.224148505,0.221096081,0.192096314,0.206838819,0.217985763,0.206637891,0.191621278,0.205858305,0.188907273,0.215633775,0.225072396,0.231461253,0.209051367,0.204949693
0.222933925,0.240607188,0.209349279,0.184595547,0.195734681,0.215770833,0.220170303,0.189346081,0.200866029,0.204079742,0.223113522,0.235942322,0.227679351,0.208480797,0.222016288
0.19548882,0.230078361,0.213543625,0.188244242,0.184168496,0.197610226,0.196055193,0.196757672,0.191060773,0.225556754,0.2327843,0.194981242,0.238593213,0.194139042,0.231341378
0.190545976,0.214436345,0.217307516,0.197139914,0.204214957,0.208155636,0.177803626,0.199019154,0.215917667,0.227507629,0.216373663,0.212018211,0.243443716,0.212470933,0.20261693
0.189079075,0.228418999,0.229673339,0.186376655,0.215857759,0.214827,0.158676526,0.214484879,0.222029972,0.20399003,0.199859877,0.211076166,0.232862258,0.198434656,0.240196873
0.182984232,0.235810983,0.233805416,0.225837356,0.21890344,0.215534225,0.1990615,0.219300219,0.228839582,0.192662755,0.189755978,0.192612775,0.225058102,0.211394432,0.224218684
0.177788046,0.243547012,0.209433751,0.256646263,0.205198824,0.208992177,0.207761487,0.183200547,0.232021335,0.19691303,0.206751312,0.221270548,0.197351841,0.213108555,0.215969885
0.192397103,0.218509125,0.208118934,0.22895261,0.221036133,0.199799358,0.230053718,0.183413115,0.195890726,0.207066271,0.222424684,0.243606507,0.219331944,0.213725348,0.227572634
0.203240621,0.211081211,0.204164165,0.224863762,0.225915856,0.218857274,0.240019115,0.199379284,0.201527932,0.221097374,0.218462491,0.261381483,0.227678885,0.20671782,0.208663324
0.216621032,0.199805673,0.221263983,0.203039897,0.215044049,0.198333024,0.253425736,0.197857103,0.234913632,0.215350136,0.198729038,0.256471977,0.210280888,0.20877394,0.204324898
0.208903236,0.186190982,0.228439784,0.205324159,0.193402688,0.185974816,0.241885474,0.200386561,0.237942995,0.237439063,0.213530085,0.236359622,0.220278823,0.210418362,0.203975766
0.230849362,0.200148114,0.245789214,0.194778809,0.175450502,0.19575825,0.226716662,0.210327127,0.225264444,0.207293287,0.2274278,0.225688212,0.214416945,0.225319319,0.215652491
0.211435985,0.234392663,0.246468852,0.190748261,0.206206818,0.18609341,0.210301205,0.198073175,0.232320273,0.195439109,0.214205523,0.219086215,0.204207696,0.227032103,0.195152411
0.192531161,0.202599445,0.218220531,0.194104983,0.179593088,0.204666655,0.179169703,0.20559415,0.213028834,0.224266424,0.216208063,0.2333428,0.189521936,0.216801874,0.23174486
0.217482874,0.191436974,0.214835281,0.216846032,0.187598612,0.20514574,0.191785733,0.185952031,0.20749713,0.219793276,0.21666971,0.210400726,0.200905626,0.218859621,0.220427547
0.21508256,0.202202965,0.222737255,0.240712634,0.203256069,0.223273452,0.217981737,0.198870402,0.21107825,0.202253598,0.222042861,0.219803421,0.196041126,0.213441189,0.198648459
0.230004565,0.220895636,0.200772956,0.212335602,0.215252587,0.243732254,0.219895517,0.20361081,0.214615811,0.192759045,0.256655272,0.20436263,0.207177722,0.223518053,0.205156237
0.228554173,0.233939993,0.213165322,0.220261225,0.219838498,0.233748934,0.19012025,0.197244997,0.21043378,0.190424107,0.234641161,0.210419218,0.215150102,0.221239867,0.226104479
0.211613531,0.244562363,0.195774097,0.213493044,0.235910432,0.22561183,0.205785296,0.216731053,0.191764582,0.192545181,0.19992303,0.215477781,0.222079299,0.197426647,0.208330597
0.214441713,0.240707441,0.199047747,0.209703016,0.229790681,0.233072361,0.198957814,0.210877901,0.214415511,0.187462862,0.203812978,0.215389974,0.225210933,0.230820579,0.186117019
0.205499218,0.20612101,0.205799516,0.222381069,0.22697398,0.204400277,0.182729553,0.197087174,0.218560934,0.189893224,0.193441946,0.206339341,0.205452022,0.240502722,0.196047655
0.214776901,0.227176132,0.201033594,0.21770059,0.197168035,0.226813779,0.212388373,0.191848835,0.216933576,0.21440058,0.186283857,0.187350776,0.223781917,0.219883289,0.221707652
0.212570413,0.220160095,0.191967487,0.204396616,0.196365593,0.24083584,0.199980517,0.194566117,0.201895257,0.211078947,0.20638293,0.207277663,0.226788111,0.221703659,0.201414151
0.209494758,0.217361712,0.188384074,0.212687009,0.190301469,0.220972529,0.211249974,0.188314955,0.213620122,0.209697412,0.186315276,0.232914407,0.202190952,0.19615427,0.203157622
0.230852169,0.246730009,0.206903837,0.209459015,0.215654877,0.210597822,0.224038584,0.224984709,0.194584349,0.219158494,0.189954971,0.184786416,0.19455991,0.178643102,0.217218474
0.234721788,0.243049711,0.229108452,0.203591923,0.188573047,0.208920892,0.220934967,0.233116114,0.194636002,0.204413161,0.233695857,0.19711072,0.209543496,0.197051898,0.216531232
0.214778116,0.205590356,0.230720467,0.203214284,0.208993907,0.204711606,0.223827866,0.247850251,0.207546726,0.229331007,0.228202456,0.213431824,0.209347727,0.211064513,0.218719891
0.205476925,0.203476547,0.184282399,0.223938241,0.226913287,0.215876167,0.215797294,0.211951815,0.229021451,0.226935298,0.196267719,0.187333801,0.208573876,0.226563483,0.232134372
0.204900842,0.241246778,0.209424247,0.211878315,0.192077819,0.236961224,0.224089,0.215622894,0.24125411,0.24473276,0.207172461,0.176416214,0.193290139,0.202940166,0.206178882
0.236521649,0.228924722,0.208651241,0.199937288,0.231831507,0.235771598,0.221375061,0.222305345,0.210986583,0.249582359,0.209026895,0.208812398,0.190864462,0.225941496,0.205198394
0.229684875,0.201165221,0.214619736,0.218138467,0.238552943,0.234898112,0.224585508,0.215699032,0.198424056,0.226991735,0.202225424,0.217344534,0.213136442,0.208663733,0.202295973
0.240039998,0.208128719,0.2396461,0.227855623,0.21764668,0.22144631,0.222559,0.212698478,0.229599053,0.213856022,0.223891682,0.192936272,0.199380533,0.215641502,0.218098615
0.242787032,0.220513041,0.200529527,0.221531449,0.208722496,0.203933174,0.210968468,0.222310826,0.227227384,0.213240982,0.235604289,0.198646238,0.206726037,0.233145104,0.229633449
0.241382636,0.204786267,0.222113846,0.22688481,0.22679685,0.24609857,0.221271847,0.192764386,0.226088446,0.221775326,0.225435283,0.198031174,0.198219642,0.225608848,0.22552517
0.257263807,0.199458123,0.22622862,0.223714963,0.224201871,0.230658696,0.227454952,0.202556004,0.214130492,0.210558024,0.221571392,0.223268884,0.193886222,0.218799328,0.239686451
0.221874259,0.212684726,0.221447498,0.212526168,0.235380416,0.23618156,0.214775489,0.218434348,0.214062052,0.187202977,0.214421005,0.207100726,0.191720323,0.221098841,0.248983737
0.21169589,0.228988658,0.224540825,0.21810238,0.226090374,0.247730552,0.214201789,0.213989844,0.20509318,0.200932742,0.212395014,0.186217374,0.216234539,0.224577327,0.253384591
0.242458795,0.225539508,0.218320579,0.257021089,0.222614948,0.263728142,0.189906533,0.209700902,0.222608915,0.20128546,0.216841134,0.211531111,0.21924699,0.22807135,0.230890386
0.223301784,0.227963032,0.221968218,0.244688957,0.234297899,0.241798988,0.17371485,0.211719846,0.225584249,0.211842323,0.195132289,0.217792554,0.212452744,0.229882541,0.220721933
0.198290838,0.236108487,0.219366576,0.211240971,0.23195472,0.241279963,0.182362743,0.211547784,0.215821276,0.229045528,0.213245701,0.210954179,0.2116183,0.204354506,0.193719598
0.206828275,0.224381503,0.211160541,0.208373305,0.231307146,0.244267006,0.214834143,0.214406713,0.212178639,0.253906363,0.233262915,0.237926845,0.209487931,0.19202974,0.2221992
0.221273438,0.227368908,0.230828842,0.231245499,0.222423667,0.229457204,0.244904097,0.228832512,0.189761681,0.255329271,0.231481732,0.236721736,0.239122829,0.216040232,0.209635062
0.219429565,0.204666389,0.188810514,0.237906475,0.214810993,0.228436672,0.261700234,0.228122067,0.199315703,0.248413058,0.233644391,0.241640758,0.23732702,0.2196775,0.218990311
0.232391553,0.219533249,0.190902174,0.214628529,0.210076878,0.243929317,0.243959677,0.231191578,0.210176169,0.239926978,0.244863512,0.238060352,0.229222249,0.21912561,0.22624556
0.235138987,0.2475984,0.216242827,0.218636055,0.208972413,0.230698389,0.249438129,0.233499608,0.179238319,0.213148546,0.228975379,0.230759613,0.215926783,0.202554237,0.204837248
0.253021943,0.216503706,0.203031567,0.233237042,0.241275483,0.21755232,0.245302061,0.245270293,0.183177423,0.172171987,0.242031646,0.21043396,0.192675176,0.2229838,0.235978444
0.268502593,0.241879523,0.223525627,0.222005339,0.259167987,0.23468613,0.245690042,0.236066622,0.206843394,0.208667651,0.247244584,0.223495605,0.197100237,0.224062444,0.244888553
0.25686937,0.230543891,0.227755073,0.239000713,0.205543644,0.215865509,0.215391036,0.225599481,0.208894027,0.209062356,0.221918774,0.24357165,0.24319484,0.199598497,0.224643192
0.229076228,0.202920303,0.207164631,0.217863119,0.204659708,0.213436002,0.224738795,0.222559617,0.197653752,0.217058921,0.223928272,0.243584011,0.238202616,0.188755973,0.225130675
0.234973083,0.189265158,0.220237008,0.251522813,0.208015158,0.249642811,0.201305631,0.216225936,0.206713007,0.270416517,0.230057742,0.246003752,0.216390881,0.212242431,0.219571643
0.238677438,0.196771471,0.213560754,0.246460323,0.222321086,0.233301439,0.223989234,0.226942574,0.237316473,0.244012796,0.237407501,0.242663316,0.217926691,0.224330285,0.200902874
0.242939793,0.214957803,0.211948656,0.218420578,0.220169861,0.206573731,0.212338024,0.225894433,0.232251418,0.203730653,0.2369247,0.22880545,0.22527909,0.227054907,0.221575353
0.238645353,0.234998112,0.200227013,0.225826683,0.215023759,0.238332083,0.220858707,0.215857128,0.236658127,0.202542734,0.211626228,0.220820349,0.229960489,0.223429024,0.245193112
0.22665187,0.264791309,0.221847998,0.243093868,0.201936683,0.225364392,0.215756861,0.198783201,0.218285114,0.214025342,0.216183584,0.221840822,0.228511343,0.218503834,0.242689624
0.221352983,0.256085745,0.248170462,0.256246227,0.204720567,0.216533003,0.215036239,0.191158649,0.198733827,0.204923369,0.22845448,0.23812882,0.22794471,0.220441428,0.245491559
0.210915567,0.223140157,0.208968729,0.261146287,0.228098254,0.228315308,0.220881814,0.205396123,0.218899282,0.22313138,0.217777999,0.219645487,0.219684321,0.240147405,0.243168005
0.213489719,0.197706559,0.215079631,0.256659047,0.210474797,0.211328285,0.223957622,0.245738812,0.2237812,0.218848701,0.227235044,0.211714959,0.200598406,0.227548437,0.210066333
0.218996939,0.194219518,0.234982505,0.231468182,0.202050732,0.19585307,0.21888041,0.257892957,0.221693979,0.258894981,0.205731599,0.210550826,0.220276104,0.204755478,0.210471899
0.237343241,0.215664134,0.249101564,0.214351578,0.187810214,0.210337646,0.199674559,0.221667065,0.209925978,0.245053977,0.204272319,0.215570122,0.233212465,0.231976092,0.207338017
0.234648333,0.245233208,0.229655269,0.223075528,0.204239234,0.244401698,0.191889007,0.212538518,0.208837742,0.216451628,0.225508995,0.221839872,0.229071487,0.235341507,0.20663212
0.209340366,0.272784044,0.189535733,0.226568613,0.222999689,0.245547438,0.21313945,0.239530523,0.2279247,0.2361812,0.251351711,0.200223,0.215150175,0.212326221,0.207037092
0.221919083,0.261552196,0.19604981,0.229882889,0.207626064,0.206705092,0.222839814,0.242412525,0.237518791,0.225606867,0.22220077,0.236441118,0.210046454,0.212308972,0.209011297
0.218814876,0.246279641,0.187412972,0.229486026,0.201748818,0.199005944,0.230510555,0.214078952,0.216684437,0.2239994,0.196376141,0.217344141,0.210262186,0.229615632,0.206616263
0.196176008,0.226447579,0.199642965,0.23380129,0.187834532,0.198641553,0.199200716,0.210687551,0.208542647,0.228607026,0.215860266,0.208997089,0.210137982,0.226003526,0.215830687
0.228079634,0.234071946,0.203565347,0.223537391,0.220297699,0.193713919,0.222103188,0.250485088,0.193669538,0.222644169,0.254705117,0.218737092,0.205458989,0.238593673,0.215164306
0.260843181,0.20684538,0.203062298,0.253763783,0.210435345,0.196073675,0.224007261,0.241520421,0.222528258,0.246771778,0.24545023,0.213000611,0.214696996,0.258000787,0.21243216
0.212688061,0.203001498,0.237223401,0.234192329,0.213189604,0.216254823,0.234841216,0.200373901,0.230207113,0.243131666,0.225571577,0.241067044,0.211014575,0.226772328,0.22047983
0.214373853,0.203173922,0.258106883,0.218309087,0.220094673,0.190956156,0.213326342,0.218943043,0.218370639,0.254103505,0.224435957,0.249369378,0.201409832,0.228738247,0.207012242
0.2492534,0.226200525,0.226334473,0.221717296,0.216936076,0.186775845,0.200365147,0.266296337,0.225122913,0.218687684,0.243927191,0.21753376,0.205712669,0.215814754,0.212574723
0.255767319,0.227994251,0.202479293,0.238042048,0.216871481,0.232805078,0.224701781,0.217206818,0.250328173,0.215331208,0.205057636,0.184255468,0.218021142,0.19057207,0.2331493
0.217047813,0.234706427,0.22562146,0.214087597,0.222741681,0.221437874,0.216797714,0.201889651,0.249449321,0.227415984,0.216943561,0.201078689,0.224726618,0.201677633,0.213543743
0.211356717,0.246621766,0.24645422,0.242507297,0.211819573,0.200147278,0.23197821,0.215502243,0.204970474,0.199563553,0.207620756,0.250274406,0.234129174,0.204580318,0.243515603
0.233117775,0.245127987,0.262437697,0.224624347,0.203175628,0.204121181,0.234382747,0.235004571,0.227569489,0.214725985,0.234487506,0.24706793,0.209926806,0.215459019,0.255726379
0.220541535,0.240217972,0.230568376,0.227396741,0.208484722,0.198917476,0.242876951,0.256961827,0.230781789,0.243149463,0.231620234,0.243439468,0.226684542,0.235492569,0.232141345
0.213196709,0.247882176,0.213053179,0.250846239,0.230926827,0.209991795,0.207014064,0.224112925,0.199611691,0.209200414,0.254038822,0.260494444,0.19578122,0.246396115,0.223447906
0.208466184,0.208318268,0.221229296,0.239845938,0.220740551,0.203719539,0.216636845,0.208283329,0.18276028,0.211981345,0.261683795,0.248509461,0.226910997,0.240521523,0.234891006
0.197918576,0.211321014,0.251033811,0.249119221,0.241491371,0.21516489,0.230890395,0.24863171,0.209962061,0.201899831,0.217332345,0.231273911,0.244138053,0.211284136,0.233260689
0.215262454,0.241780348,0.246574184,0.258400738,0.209005383,0.208042932,0.197912673,0.259247777,0.223405168,0.195006775,0.189807738,0.23112,0.230099115,0.213135259,0.213406557
0.224634265,0.253356948,0.224325348,0.238464665,0.247299871,0.229416011,0.220866087,0.238872772,0.200568232,0.231840219,0.215773058,0.22953002,0.229977414,0.227250231,0.203384839
0.227769722,0.245308306,0.235945119,0.244376633,0.258381772,0.217699346,0.217617067,0.221685718,0.214917435,0.213664349,0.241955576,0.236059486,0.225285863,0.231483628,0.214829573
0.205475279,0.222815852,0.213169184,0.234256783,0.210997534,0.245104744,0.209082179,0.233727481,0.233811734,0.209017484,0.232050768,0.208285463,0.217424153,0.225976736,0.215279521
0.208353331,0.231911302,0.221009162,0.236949199,0.214321312,0.272615723,0.227580962,0.232876322,0.274472655,0.245214776,0.227678418,0.20801521,0.205605964,0.207421698,0.202471165
0.188936302,0.222321301,0.226077551,0.229889468,0.203788894,0.248445764,0.220564362,0.240864172,0.244296632,0.22594457,0.217597808,0.205552341,0.232650868,0.194167451,0.199102982
0.230321924,0.217239546,0.243773042,0.221253326,0.216184415,0.2549996,0.219929594,0.228064738,0.229719445,0.205560328,0.191824463,0.234478835,0.2139972,0.221733308,0.21773073
0.236289965,0.238264902,0.233789171,0.259300965,0.205524066,0.241036524,0.212988876,0.223463547,0.227667395,0.214941723,0.203140575,0.239443248,0.192842543,0.210829428,0.225380309
0.233270571,0.234891468,0.20295569,0.251600754,0.204935305,0.215661869,0.228794398,0.240165564,0.249175669,0.192545358,0.211237224,0.223119187,0.225666323,0.224317904,0.241623313
0.239438174,0.214491589,0.185924364,0.226205228,0.235502477,0.211368219,0.21479992,0.206635088,0.218007137,0.217005732,0.236384555,0.202018305,0.236849218,0.212607213,0.223925388
0.231682797,0.229853904,0.19146062,0.22346971,0.226111313,0.212868897,0.200532476,0.212417948,0.218495806,0.210147204,0.244359914,0.193949879,0.219088047,0.198279015,0.208100199
0.23828587,0.240004183,0.193899441,0.231234816,0.23684446,0.206583974,0.181819922,0.241349295,0.252017559,0.227931579,0.229088051,0.218086954,0.239973568,0.204686549,0.204248944
0.239658477,0.199552557,0.196060223,0.228914317,0.266227287,0.204224961,0.194650951,0.231517144,0.23577628,0.243760524,0.2187661,0.24282115,0.219561099,0.207360731,0.213624364
0.217693102,0.192853702,0.209989287,0.232039452,0.237428085,0.217627855,0.186060803,0.194739128,0.229563443,0.21076167,0.22269595,0.223665476,0.18156442,0.218750762,0.20088733
0.239698272,0.21128908,0.217405591,0.249154544,0.205067587,0.239440638,0.181723154,0.226556076,0.215266295,0.214050891,0.26307279,0.231840825,0.208055437,0.229285756,0.204722015
0.239603776,0.238722546,0.207660214,0.242959325,0.25143292,0.212058513,0.196668457,0.252402368,0.215689373,0.242782258,0.23731155,0.23224605,0.21778756,0.224817865,0.206028925
0.245470599,0.242617521,0.202841518,0.210144888,0.244049852,0.19068354,0.236363468,0.219082906,0.244023217,0.255991509,0.221165313,0.22979516,0.207982024,0.221719702,0.213211998
0.239645835,0.220880726,0.209821869,0.222949026,0.212769774,0.194670074,0.212976526,0.218827616,0.248959866,0.254213618,0.222145824,0.236214768,0.201324281,0.221831608,0.209470993
0.203217349,0.185946112,0.241320009,0.231518951,0.227427324,0.205865637,0.215135484,0.212419633,0.238298493,0.247621481,0.223265339,0.233905129,0.230664923,0.193204219,0.208543139
0.234745464,0.177532788,0.224028904,0.23804451,0.225633075,0.224948173,0.20058623,0.217342869,0.191175803,0.210619766,0.221032869,0.193646202,0.236114152,0.214615741,0.20306592
0.236019656,0.216673453,0.197602706,0.216026192,0.2441263,0.223178264,0.226271706,0.202440037,0.212544844,0.207538129,0.23433722,0.199322904,0.231137372,0.230110464,0.236959116
0.212448888,0.223156249,0.203417166,0.186299266,0.236508786,0.212706974,0.227149509,0.19944494,0.229103694,0.2159549,0.231340741,0.218966613,0.21296906,0.226839129,0.240990958
0.250625874,0.212538809,0.248340141,0.203793386,0.237995417,0.22618253,0.201101844,0.217840997,0.23136363,0.246987666,0.221241691,0.226624616,0.190704232,0.219390842,0.229251365
0.238568102,0.200648029,0.231297166,0.220975645,0.225348317,0.246881427,0.213901225,0.217119631,0.258397475,0.237837355,0.231162173,0.218624334,0.223756564,0.202420335,0.224986266
0.217819337,0.222018548,0.221129641,0.210203659,0.198146049,0.247259335,0.193429879,0.200678711,0.236360652,0.24261404,0.218433906,0.216863164,0.21252279,0.184320554,0.210709263
0.231524603,0.233089997,0.189338362,0.200765117,0.244046961,0.208610675,0.216986297,0.222846034,0.210690015,0.246239358,0.218303696,0.195548004,0.192798147,0.199236457,0.21492309
0.218493086,0.218707928,0.199233069,0.211245175,0.234383971,0.176723105,0.240767027,0.241579775,0.207605488,0.246266471,0.211908799,0.220359599,0.214223001,0.235774001,0.227992407
0.243030475,0.233803813,0.213764823,0.236924759,0.208184954,0.199988044,0.219395216,0.223330822,0.214152213,0.226797295,0.223329009,0.233750766,0.22549046,0.214858716,0.204834423
0.229476009,0.212998647,0.226448701,0.226405775,0.219398877,0.231561159,0.208150696,0.216710777,0.228062944,0.218952697,0.233760409,0.206876515,0.219959577,0.222679993,0.237395856
0.230111905,0.206887206,0.222504901,0.230074628,0.208039003,0.219556815,0.211660218,0.22362097,0.213793064,0.192400126,0.261795277,0.21130844,0.223410126,0.216797994,0.208179171
0.241495407,0.211734271,0.213019205,0.225262213,0.197465097,0.198962219,0.20144486,0.230536478,0.217738121,0.197044032,0.251446612,0.220701954,0.212598736,0.22074596,0.204738644
0.232632296,0.229806443,0.22633006,0.219812275,0.224919132,0.217697202,0.222502091,0.235827799,0.228661022,0.201049155,0.240624096,0.218356483,0.204391605,0.227034098,0.212075688
0.22274597,0.218382281,0.20293078,0.246638575,0.248091713,0.198724359,0.204545397,0.215539413,0.226384313,0.203698186,0.217197729,0.234783261,0.244778035,0.233287786,0.207291602
0.188311417,0.219809906,0.195798107,0.242448785,0.230002022,0.197388291,0.198517438,0.212387496,0.212439699,0.213205288,0.230995846,0.223928542,0.239460721,0.216661284,0.195033107
0.212452374,0.209268217,0.199924978,0.214294431,0.213632542,0.197087205,0.21234468,0.212843867,0.21885574,0.215212457,0.259463125,0.218487476,0.213201737,0.205582482,0.210999869
0.239856384,0.189079216,0.209973963,0.223914005,0.261980794,0.20396743,0.214167274,0.238081223,0.225864754,0.225346263,0.226794341,0.214445234,0.185045545,0.239981675,0.213414523
0.24172892,0.181092219,0.218137749,0.224164953,0.248984786,0.2306125,0.210417822,0.243835579,0.222852346,0.23602591,0.224656159,0.208095496,0.19873217,0.220832561,0.230130274
0.219737025,0.215579279,0.228415672,0.203637147,0.20646423,0.218166317,0.212328866,0.236706677,0.23425926,0.208706778,0.238761608,0.200951195,0.217622621,0.231952079,0.256584699
0.199710475,0.221713526,0.232779371,0.210163616,0.203616921,0.231253793,0.188649321,0.248721773,0.233007201,0.231399959,0.230985749,0.218159727,0.207094579,0.2305555,0.229432517
0.238266575,0.213571673,0.257244636,0.23230872,0.205700249,0.233285805,0.183678896,0.222411002,0.213843645,0.198971494,0.223419403,0.22276844,0.197725243,0.220701945,0.2321633
0.22028249,0.209174343,0.243136884,0.22403676,0.232507005,0.203655238,0.211004364,0.196408239,0.218705486,0.177753607,0.223395107,0.256195933,0.209375284,0.225061988,0.224677961
0.217833333,0.218811249,0.215828781,0.193324946,0.196381847,0.199204722,0.233791092,0.197798694,0.197152705,0.195736986,0.205493541,0.24746452,0.213782234,0.199392193,0.214017108
0.22119082,0.23739619,0.210833223,0.239311429,0.198570505,0.215583924,0.207237918,0.217394744,0.182900931,0.203775474,0.226278248,0.218196653,0.207796471,0.239399209,0.212457911
0.203706882,0.218456968,0.218526294,0.245311982,0.198294478,0.221240405,0.212218476,0.249500869,0.19856287,0.215613101,0.227714692,0.214344724,0.217025405,0.242738165,0.208176401
0.190759104,0.209840628,0.205730658,0.221897984,0.189931626,0.207966624,0.205546714,0.242048589,0.221996335,0.247592219,0.236267606,0.197681233,0.222781834,0.223215306,0.209921481
0.196555099,0.210772276,0.233409807,0.200009113,0.184581075,0.208183618,0.189823132,0.249022055,0.215321059,0.23007777,0.239291353,0.236342913,0.200236851,0.200675587,0.210015737
0.208811383,0.222540065,0.234700112,0.193408556,0.236768743,0.186476192,0.192401244,0.222040314,0.216354783,0.20088291,0.249870261,0.215925618,0.218881997,0.185857979,0.206781743
0.248403494,0.197573094,0.217920765,0.207551674,0.232458096,0.199534295,0.236165938,0.219842703,0.210717993,0.222065815,0.223171341,0.238667415,0.207023249,0.197716261,0.217053896
0.231334718,0.189584475,0.208259518,0.22737422,0.22224561,0.202663291,0.241698399,0.22612886,0.197201083,0.232316401,0.21835275,0.241757793,0.210865836,0.212875126,0.213351462
0.219111526,0.208620348,0.209761217,0.228297684,0.203632956,0.218159373,0.219640094,0.214320676,0.198953762,0.224457139,0.219760861,0.235601929,0.206182532,0.229000391,0.197326669
0.218545214,0.208815349,0.198174484,0.235978018,0.232220591,0.23293437,0.206845915,0.212896447,0.216161297,0.231798512,0.216808451,0.226713312,0.18370175,0.23928692,0.205118382
0.232835757,0.192378562,0.215566911,0.207066457,0.219744397,0.243044715,0.204109102,0.213682033,0.227829595,0.21484645,0.233423847,0.229911214,0.196957894,0.249726501,0.200751402
0.282111689,0.196223372,0.212684323,0.200014454,0.240001796,0.239574392,0.189556103,0.185676357,0.210444084,0.215438775,0.239803808,0.218800838,0.21557899,0.236601171,0.183351434
0.248262375,0.17917127,0.200861274,0.213056877,0.226102874,0.241280998,0.177966605,0.202244573,0.203027678,0.211599631,0.22892826,0.200990029,0.218902578,0.22472874,0.212760247
0.237278025,0.189842118,0.216766741,0.241684041,0.231507388,0.216311082,0.199934562,0.198849425,0.220779288,0.2228241,0.203209305,0.223918856,0.210573311,0.196035815,0.198117609
0.220553773,0.221867703,0.247782351,0.226264046,0.218341287,0.198481552,0.223564102,0.200817433,0.240209114,0.26430229,0.202762627,0.224953003,0.212006164,0.19340403,0.216076592
0.221059076,0.22811654,0.2282908,0.220465341,0.22330869,0.220580364,0.218033629,0.221031742,0.222559464,0.240127669,0.209157894,0.246896443,0.226288061,0.190550722,0.230819452
0.223764312,0.208491911,0.221900067,0.230454013,0.22576779,0.225089015,0.200088837,0.218443772,0.225685065,0.219056285,0.224491395,0.27363874,0.222895391,0.193345958,0.209774694
0.227910718,0.197165727,0.20935249,0.225914486,0.201571984,0.212938402,0.180369197,0.192855127,0.211973845,0.219558322,0.231801814,0.224226286,0.203671418,0.230685594,0.228697776
0.240702915,0.202730611,0.208745677,0.198869696,0.222846489,0.208394969,0.194077812,0.203982834,0.200558544,0.227535521,0.222516015,0.191254276,0.206327227,0.223162033,0.223996436
0.231939691,0.23493395,0.184104709,0.207556867,0.249508368,0.231569401,0.218133167,0.192667221,0.203353207,0.21018344,0.230280443,0.208573181,0.217092068,0.22317519,0.220164644
0.2178055,0.236863369,0.192455616,0.221255963,0.235152404,0.231155197,0.209533793,0.197569202,0.235040299,0.189375037,0.196978692,0.230985841,0.211311701,0.228074144,0.230293504
0.238918384,0.228694527,0.218774389,0.217060787,0.240971259,0.226449278,0.206929204,0.193649536,0.224237387,0.195255465,0.22002653,0.247773428,0.20073548,0.215977176,0.228269329
0.237960509,0.213402494,0.20847425,0.217029496,0.210664801,0.204889044,0.220269463,0.197331417,0.227601551,0.205513398,0.213564328,0.22557376,0.210953331,0.209387689,0.235348453
0.199636239,0.19954446,0.197639583,0.214051159,0.180259608,0.192828156,0.238487895,0.206365523,0.214370395,0.207183457,0.209876282,0.225019009,0.218035879,0.197205487,0.21333077
0.205246665,0.190022309,0.202134236,0.229776934,0.193191064,0.205240399,0.235003356,0.217832163,0.204714587,0.211527107,0.21143803,0.233818921,0.202163996,0.196010084,0.200773921
0.220852548,0.20711092,0.219836345,0.208759417,0.216367442,0.207519553,0.214411701,0.235047604,0.195845558,0.225638894,0.203910143,0.205765159,0.21401704,0.200198925,0.217083425
0.228173525,0.183442731,0.189201643,0.217876065,0.235040877,0.228298292,0.202239432,0.224669481,0.183666054,0.207954041,0.20328683,0.202627335,0.244572495,0.182649043,0.218308456
0.212776937,0.203544522,0.180881527,0.209053427,0.209451822,0.214560289,0.195280937,0.235237421,0.187600026,0.185565114,0.197748267,0.231320639,0.258258829,0.208921864,0.19431057
0.198643507,0.213697244,0.193775046,0.229166832,0.216261729,0.223107934,0.242381377,0.210968483,0.20354343,0.219074749,0.203736002,0.25656894,0.239502244,0.200780604,0.216353359
0.20594452,0.228506921,0.208771105,0.218889764,0.22663039,0.213000393,0.222123882,0.201723399,0.217401431,0.230185993,0.228494282,0.25234073,0.236140279,0.197170876,0.21788967
0.236882391,0.222862425,0.216610956,0.210167097,0.217141882,0.21228761,0.189859923,0.199250355,0.213571792,0.236485536,0.189417077,0.223608942,0.210474426,0.22980324,0.195423884
0.226609864,0.224891299,0.210422334,0.229642555,0.22758387,0.206773666,0.199931613,0.233164573,0.218566202,0.217726417,0.193355256,0.195715442,0.217681582,0.238462032,0.194072875
0.213447797,0.227360287,0.238901891,0.237364674,0.223227682,0.209117962,0.236389716,0.201277653,0.235903266,0.201985233,0.213522157,0.221699081,0.236857674,0.227270743,0.209989484
0.20262855,0.195827845,0.214433035,0.216887672,0.219597309,0.205634446,0.202891566,0.211400966,0.238255521,0.201017686,0.217204933,0.225367851,0.221012209,0.21402858,0.209202266
0.222386012,0.21212495,0.224088953,0.191593737,0.213830494,0.192663051,0.197617369,0.199420725,0.220075674,0.200173614,0.215004458,0.216253394,0.187585499,0.221930008,0.222319936
0.208476096,0.229281428,0.230128198,0.185425975,0.189170643,0.187993737,0.179226671,0.193390828,0.206639695,0.199162465,0.203007663,0.213523158,0.21767279,0.220209436,0.226521412
0.217864643,0.235318402,0.215216665,0.202609356,0.177557434,0.169739395,0.199363476,0.202845617,0.195157346,0.198225852,0.213961102,0.223504884,0.224347735,0.223627319,0.215723447
0.235083819,0.226590792,0.232067335,0.214341409,0.208095223,0.181107196,0.20045024,0.197382664,0.184098076,0.193331139,0.230754974,0.215465908,0.21563526,0.205736352,0.200624326
0.221650633,0.222137621,0.231939492,0.22244837,0.229183343,0.214908601,0.228499645,0.224902303,0.195546683,0.198863925,0.236322373,0.228582886,0.217894742,0.191509545,0.247019753
0.206887317,0.2197847,0.233815404,0.210910401,0.226945387,0.244914932,0.193072212,0.219590685,0.223259047,0.215826629,0.214847102,0.187555151,0.217591835,0.215775693,0.248241636
0.202982244,0.214945629,0.247680021,0.25182626,0.214644756,0.241790742,0.197499262,0.238777868,0.22203273,0.202763684,0.206431936,0.181081946,0.223837955,0.212957246,0.226430886
0.176445974,0.215196455,0.224477151,0.212350982,0.227168777,0.235063627,0.237636745,0.23649818,0.191634885,0.207181806,0.21079843,0.19383811,0.22662624,0.202690575,0.209514157
0.169596192,0.218235666,0.21629863,0.203262167,0.22281026,0.217614068,0.225320657,0.243201988,0.222120229,0.194294918,0.215077013,0.215098508,0.235819441,0.242926772,0.223617195
0.179245854,0.213977794,0.229957204,0.223236265,0.218443965,0.227467283,0.236313317,0.218152312,0.231904526,0.178462462,0.217175335,0.199448359,0.21235202,0.235414989,0.191414563
0.198901583,0.226745848,0.240455264,0.236706997,0.190453466,0.231463442,0.211727886,0.215057536,0.219157735,0.197133222,0.215639694,0.213619343,0.216592735,0.225755537,0.178106238
0.217120942,0.189637019,0.216480342,0.222963448,0.21462424,0.211950678,0.203254095,0.220298321,0.227010353,0.182107114,0.225935893,0.241260708,0.217682735,0.220019355,0.196340508
0.23035929,0.200767751,0.210622921,0.220855308,0.219887487,0.196132434,0.244541612,0.196887817,0.244860992,0.201836283,0.213532595,0.210926603,0.199437523,0.194725743,0.209255736
0.193764706,0.240819482,0.238000628,0.199430816,0.205653769,0.209049644,0.229430182,0.196338776,0.23509174,0.200408413,0.210382389,0.227631516,0.217104309,0.213862238,0.205710744
0.196463298,0.245591809,0.222707098,0.182239073,0.206537211,0.190121794,0.214269515,0.215477919,0.219475716,0.210202249,0.216748329,0.241826442,0.213422877,0.205386666,0.217074974
0.228355218,0.224040531,0.210642619,0.19222275,0.210178922,0.212406892,0.208100067,0.207879635,0.245460195,0.208736262,0.235391044,0.231189845,0.186909957,0.195842903,0.214622227
0.185289261,0.227791884,0.205453368,0.192810847,0.203229955,0.218714824,0.179911149,0.196482155,0.244327817,0.211683232,0.270305596,0.204246352,0.179560095,0.191921989,0.246232286
0.185456909,0.223754036,0.184527074,0.224725921,0.21064122,0.221913879,0.208379869,0.203113884,0.200631636,0.243998755,0.232908111,0.209314384,0.210405002,0.206674942,0.22777642
0.201935251,0.22318315,0.209258728,0.231445976,0.203170345,0.21823678,0.221452281,0.206997808,0.175593656,0.248682875,0.229912312,0.219553218,0.216386537,0.205410201,0.172178449
0.205261235,0.215418949,0.236236962,0.214937222,0.192251123,0.194990489,0.202788742,0.201450261,0.192393978,0.212300863,0.231382282,0.192514792,0.210061684,0.214423561,0.197927091
0.212247667,0.229055155,0.223014067,0.220578755,0.192069993,0.209167263,0.182804095,0.227019991,0.222391013,0.209181838,0.190558436,0.185489773,0.200438233,0.21802266,0.211258075
0.201189452,0.217737397,0.232570627,0.203186033,0.189396552,0.225806431,0.199277468,0.200516264,0.222929888,0.197441623,0.220649149,0.195502885,0.218045049,0.222446732,0.232576059
0.208133385,0.190659709,0.228965642,0.19828183,0.181598653,0.216382919,0.238254735,0.199451044,0.202194777,0.179082674,0.238833134,0.237081276,0.212997428,0.224888807,0.218924764
0.210369062,0.198047576,0.206478978,0.1948845,0.223523553,0.226962382,0.217898429,0.198389275,0.205819768,0.183870122,0.232991263,0.231190262,0.224292345,0.213435586,0.221011835
0.204401217,0.237129661,0.223041075,0.235709328,0.243369346,0.22089955,0.216471113,0.198737638,0.198271748,0.179904759,0.211845712,0.246556558,0.215620689,0.202722078,0.227597224
0.205109753,0.235930314,0.248904434,0.213271667,0.217053384,0.226393078,0.202391926,0.17487738,0.199967593,0.197104675,0.202348884,0.228979612,0.202684797,0.188053951,0.221303826
0.212506512,0.218271053,0.227496984,0.212064551,0.213465484,0.200560739,0.215274284,0.191840619,0.238365325,0.230462057,0.20548769,0.207042237,0.213612813,0.220667847,0.230221833
0.239257242,0.216341015,0.234417381,0.214397339,0.206008258,0.215835863,0.199587787,0.202609264,0.235461348,0.207656977,0.226722632,0.228902164,0.213575343,0.225278065,0.235562648
0.250104698,0.225607968,0.232591286,0.219228365,0.203599558,0.20295077,0.207314664,0.219964656,0.221369538,0.196689614,0.221830451,0.237133764,0.21869001,0.204774794,0.206289216
0.257282642,0.206754006,0.211618507,0.20574051,0.207121845,0.237704898,0.207255966,0.245823124,0.239553658,0.18954671,0.222049843,0.220506705,0.223884056,0.205769458,0.231116191
0.204501473,0.211693576,0.209306707,0.216029891,0.205358195,0.248510643,0.218419191,0.214560063,0.198084163,0.199611613,0.210120886,0.213379725,0.226807551,0.229032115,0.260696544
0.202852702,0.211079929,0.22069969,0.222387449,0.194467429,0.236172549,0.204883841,0.195176497,0.201117922,0.218271015,0.227742655,0.225450636,0.22050236,0.238440795,0.245159587
0.197113109,0.189512396,0.252395335,0.240070978,0.231556498,0.237342555,0.204924917,0.182462132,0.218982041,0.245706675,0.23943069,0.214876761,0.214764129,0.240558383,0.20702403
0.200648559,0.184605858,0.230989749,0.242576618,0.225935841,0.239417196,0.219439834,0.20661055,0.213833462,0.241085999,0.270925082,0.182437133,0.218046782,0.226797636,0.209920411
0.216143369,0.211601354,0.200676955,0.226177748,0.191566912,0.232197172,0.220973309,0.224938963,0.20141715,0.21689457,0.252725467,0.190395969,0.204794545,0.253248631,0.213021054
0.230810122,0.195805347,0.202002208,0.230768692,0.212092145,0.229086741,0.213625516,0.234195445,0.22323465,0.211346721,0.222589605,0.236852345,0.195867774,0.225722792,0.226599984
0.187426443,0.186199814,0.216443606,0.229746599,0.219909044,0.214433971,0.198732317,0.211784991,0.233157371,0.237465233,0.201847455,0.226837448,0.19970731,0.209676394,0.235658192
0.183549742,0.219972293,0.241252108,0.202391151,0.211050458,0.221392848,0.182800629,0.179752365,0.207802631,0.226593464,0.199812523,0.250854711,0.180617919,0.204045849,0.243146871
0.221820349,0.230103832,0.225417675,0.211698915,0.214694612,0.206043448,0.210693128,0.191387225,0.230441475,0.224596963,0.219332632,0.265763867,0.1905546,0.205770499,0.255122796
0.21798336,0.229906019,0.213492498,0.194305594,0.20554973,0.20385837,0.251962773,0.21566309,0.255512813,0.220992809,0.222412448,0.25200273,0.180529892,0.207828894,0.214040693
0.188211079,0.217221791,0.222017516,0.201496912,0.221644513,0.219653042,0.227885468,0.212660126,0.248676211,0.217986341,0.237591239,0.247277725,0.200732823,0.229370431,0.191552988
0.215980253,0.204602651,0.216151966,0.209394793,0.218760079,0.222901505,0.185654481,0.238429508,0.241193412,0.209259503,0.20789075,0.208334345,0.210651429,0.232355816,0.212666428
0.205661849,0.214315682,0.214240079,0.211812234,0.214263588,0.220330258,0.188492004,0.227457517,0.215109293,0.219053885,0.219583935,0.21292778,0.222420579,0.209339467,0.202325157
0.197439076,0.219766382,0.213459058,0.241660104,0.234567236,0.229569526,0.218251445,0.210565148,0.199730999,0.245984193,0.216232622,0.238460468,0.212604652,0.21880002,0.198292178
0.200256155,0.198866619,0.208944034,0.250280581,0.238380022,0.231484032,0.196395276,0.197879382,0.230617784,0.219042611,0.217141067,0.217952504,0.203014351,0.216069924,0.223260524
0.202654095,0.164163528,0.207708767,0.243200329,0.194472242,0.211136158,0.202370072,0.193549286,0.205945199,0.224019779,0.227225093,0.195495788,0.22603918,0.22000702,0.236631303
0.18224793,0.196906,0.193173709,0.223615642,0.193496567,0.234738152,0.221312221,0.246007279,0.203816555,0.245332815,0.229105958,0.220254588,0.232784275,0.211564747,0.205635199
0.189607019,0.242024832,0.195397471,0.193070956,0.236326869,0.206612059,0.203271361,0.228387068,0.210712987,0.230469392,0.218574576,0.218325104,0.235559108,0.209448335,0.215461982
0.194985375,0.22398121,0.203453195,0.184217174,0.223333036,0.222594802,0.197443479,0.186603747,0.229668031,0.203678848,0.228518335,0.225205048,0.222159283,0.198828734,0.220163563
0.200267359,0.221251477,0.218404897,0.179172014,0.216804739,0.223251152,0.205219998,0.214635669,0.221621938,0.228821789,0.236484673,0.220746229,0.201643929,0.23283098,0.205982359
0.210631062,0.18841021,0.204173997,0.212966059,0.230680598,0.188632195,0.209655902,0.232506438,0.216746532,0.232522533,0.217959447,0.23131232,0.215718667,0.210728501,0.192036068
0.197239767,0.217123875,0.21420964,0.218962159,0.219843268,0.199977111,0.177685734,0.213989231,0.223642576,0.261491663,0.221478732,0.250439058,0.235784311,0.213744542,0.193988026
0.226163794,0.220860437,0.212693823,0.223727955,0.216195504,0.220865511,0.186625061,0.205467103,0.232777162,0.224303239,0.25380458,0.248183722,0.222751102,0.213626806,0.196959697
0.217627836,0.184318187,0.211852573,0.213438755,0.219342939,0.231770839,0.191703112,0.210055228,0.2274684,0.186889963,0.254623437,0.248064705,0.227058112,0.223624873,0.217995738
0.209988968,0.199202961,0.219831118,0.200502338,0.211848477,0.221435042,0.211205239,0.221340252,0.242208679,0.201241899,0.232154862,0.193159621,0.216555994,0.214237779,0.212459347
0.221949298,0.207252999,0.235392537,0.251281861,0.204423009,0.197770237,0.222630127,0.252626003,0.218055537,0.189154018,0.223152586,0.209343788,0.205552302,0.212463611,0.202642853
0.223822053,0.239977256,0.266683002,0.266970865,0.19663344,0.219012577,0.24632257,0.228774454,0.224006458,0.159742708,0.186049447,0.204694915,0.213369453,0.22529996,0.20227443
0.18482982,0.231751711,0.240109294,0.247052062,0.185271403,0.214173929,0.256280833,0.198371533,0.227689479,0.176899757,0.188444735,0.209266589,0.217793594,0.219504691,0.222231276
0.199751772,0.207663234,0.214776279,0.245245642,0.222815681,0.211075895,0.219120436,0.204489698,0.202135766,0.160576207,0.20688089,0.228059168,0.231214773,0.214185446,0.222134666
0.205395053,0.194943799,0.211660201,0.238178437,0.252536393,0.227085986,0.186892802,0.199102542,0.198220918,0.208403667,0.233926922,0.258559608,0.212210885,0.22728961,0.212855317
0.187053622,0.174591358,0.215494725,0.206479488,0.229559708,0.227774896,0.220915747,0.200095154,0.241715466,0.200221066,0.234926632,0.250596055,0.198960871,0.208715467,0.222745732
0.197484086,0.197486231,0.208139959,0.201639776,0.198627026,0.202833524,0.219062483,0.210417246,0.247502491,0.218986008,0.237723327,0.211372017,0.186897769,0.201940296,0.212252939
0.216979842,0.194387219,0.220701434,0.212997368,0.218675853,0.19769317,0.217623463,0.186542787,0.20324428,0.266092999,0.226033551,0.218341236,0.182677524,0.207460187,0.221865327
0.220052147,0.2011756,0.214802039,0.213334032,0.196092343,0.219875103,0.194560165,0.210490422,0.208966436,0.251892417,0.219732434,0.214612193,0.205771336,0.208879649,0.23201128
0.231605436,0.250839408,0.203588006,0.22372216,0.177034487,0.20193726,0.215281598,0.210937623,0.223578286,0.214287341,0.220894429,0.225896282,0.208771964,0.219052482,0.220121194
0.182261128,0.241741427,0.219484073,0.217248085,0.183388886,0.241108749,0.21929853,0.213098788,0.219116856,0.202159656,0.248626032,0.202209558,0.230946377,0.222332666,0.201381564
0.183687437,0.201987079,0.223156169,0.219590372,0.19849634,0.230413939,0.201291273,0.220143276,0.212107856,0.208089547,0.216851973,0.191353786,0.230198072,0.224485841,0.213088035
0.216428571,0.218541177,0.221362793,0.229931901,0.202638632,0.223412888,0.21208825,0.197415633,0.223206902,0.208232592,0.216605324,0.193820377,0.221884752,0.2196463,0.232064671
0.208784963,0.183041964,0.214281245,0.22036097,0.212613373,0.199970629,0.231961628,0.209065506,0.211551707,0.208292651,0.20947864,0.229804475,0.213887783,0.217855586,0.21674615
0.196081898,0.181446229,0.211162655,0.202567491,0.203580117,0.207348035,0.212839529,0.209103316,0.202571348,0.212205462,0.230939346,0.243979318,0.231511523,0.232587325,0.204815582
0.226198224,0.20274408,0.196220672,0.225461894,0.212425852,0.194040955,0.216277835,0.195643371,0.18840832,0.231606762,0.241338742,0.246745066,0.226280364,0.232165473,0.201403728
0.208626016,0.214846275,0.208849192,0.223535896,0.20722001,0.216713686,0.22262204,0.187555688,0.218976272,0.232626581,0.216465892,0.235417127,0.208481476,0.212742736,0.219404664
0.212197001,0.208865633,0.195136493,0.184008606,0.25638972,0.224554795,0.214101864,0.204431384,0.220536248,0.221375353,0.194549017,0.239897122,0.218153268,0.198103455,0.236915749
0.218168661,0.234587754,0.193616433,0.193131492,0.254233406,0.211251892,0.206832755,0.211560841,0.203026337,0.235934185,0.244649043,0.23804357,0.203058133,0.188110372,0.207582252
0.213983996,0.214189369,0.206258902,0.218432468,0.20742111,0.239839992,0.214015059,0.183023135,0.19221224,0.23675657,0.244127026,0.251670643,0.210929716,0.217781006,0.19623632
0.223568251,0.233240229,0.177844047,0.208418906,0.210010629,0.228066731,0.233270668,0.190517324,0.207911917,0.197334465,0.207537593,0.248874535,0.206775805,0.211962972,0.208956871
0.197155253,0.224875969,0.180181659,0.189037349,0.171172088,0.199426274,0.199301055,0.211078426,0.217420286,0.188207965,0.215304395,0.21017409,0.203913922,0.212824673,0.211732153
0.217467853,0.21271065,0.224622664,0.218030735,0.192361098,0.195668949,0.209748846,0.217359574,0.208197458,0.194568312,0.214914545,0.188754129,0.207322528,0.217015535,0.217244474
0.217553662,0.209598524,0.223518141,0.207162397,0.224069828,0.190084435,0.239282709,0.221979262,0.199003294,0.192873762,0.230499392,0.202375432,0.21210581,0.228584467,0.222997689
0.195687761,0.1998143,0.219344418,0.211417959,0.226854423,0.206748256,0.207796227,0.22472198,0.213068707,0.19935156,0.212555842,0.19830024,0.228437928,0.223722479,0.224307301
0.215615162,0.223224805,0.229245039,0.232146045,0.230595541,0.223962446,0.201110968,0.210293589,0.237755232,0.276665597,0.191888805,0.209820491,0.226046131,0.231792926,0.228962152
0.229663456,0.246713351,0.21433126,0.187961587,0.231838446,0.217124932,0.197296009,0.231973621,0.215370614,0.235188333,0.178822704,0.208121227,0.21255325,0.231628725,0.206201514
0.222203855,0.206535085,0.203441153,0.204942171,0.226771556,0.215149491,0.212411051,0.218498676,0.224774649,0.204918708,0.223516147,0.21950402,0.197634104,0.207124311,0.221947258
0.206567862,0.199942732,0.195928984,0.245657024,0.213469983,0.229764029,0.223201249,0.171139152,0.221190241,0.216228645,0.228766782,0.214693253,0.223015813,0.217403811,0.232493631
0.220874202,0.211072642,0.210909707,0.224765016,0.211317958,0.21711487,0.231732356,0.192264306,0.204025901,0.22638008,0.234934598,0.219240165,0.232964449,0.222878162,0.212629443
0.208171039,0.193251037,0.226110058,0.187986656,0.233537816,0.197513942,0.209226237,0.183572832,0.207006376,0.216489215,0.226641703,0.22262335,0.219357063,0.235020233,0.188973454
0.168677369,0.214917741,0.242982728,0.231141001,0.2358083,0.191104197,0.22181577,0.190771172,0.187806299,0.227537899,0.211782969,0.200788288,0.213186866,0.241685566,0.183744284
0.157949373,0.220158235,0.250746906,0.236389396,0.228109303,0.17735624,0.249956914,0.187845676,0.200098628,0.220265652,0.210625944,0.20171836,0.229287861,0.246869243,0.209090564
0.18460044,0.208929689,0.245144863,0.225392217,0.226424668,0.199932665,0.213943205,0.176599681,0.197808008,0.225250439,0.222048511,0.221369675,0.232623589,0.232618072,0.195023639
0.198842782,0.196471808,0.232749644,0.250444006,0.223721486,0.217174493,0.198600808,0.205877376,0.232397012,0.22026499,0.216275693,0.208153506,0.196230657,0.233285298,0.204001988
0.215237419,0.201385162,0.2192154,0.207359176,0.224889623,0.202235286,0.20470342,0.227461606,0.228147948,0.20473798,0.190464667,0.211528499,0.210045869,0.253201626,0.221911291
0.211745892,0.214436269,0.195198119,0.235798077,0.222531151,0.197790287,0.219080143,0.219657376,0.2444264,0.223383347,0.192078846,0.246839638,0.216960019,0.246028306,0.229272528
0.215185257,0.236016747,0.219549177,0.24122142,0.194161773,0.207331355,0.20535785,0.212530481,0.247712877,0.200644668,0.214405897,0.229470421,0.205701539,0.221089981,0.226256331
0.210653542,0.202193149,0.220543628,0.218820328,0.187944823,0.171983921,0.196639889,0.220641574,0.245382429,0.197299112,0.202130121,0.194376803,0.215675304,0.214220585,0.203323012
0.193421657,0.20867999,0.238735787,0.215411857,0.179180907,0.205367418,0.199399216,0.209891415,0.236027023,0.215200852,0.170171815,0.203931353,0.200959958,0.227064823,0.223181332
0.23447345,0.210341982,0.219700311,0.22036815,0.189675786,0.238563641,0.185792974,0.23837104,0.215938196,0.210776391,0.179850619,0.189001856,0.203166959,0.197346238,0.215228904
0.241889248,0.205107285,0.187535717,0.229799352,0.199464802,0.234725028,0.2050871,0.251730102,0.199305133,0.207568878,0.196926783,0.202704167,0.178227724,0.188298395,0.210750908
0.209303185,0.210004029,0.207227523,0.215328701,0.242174346,0.234776588,0.199800668,0.226906446,0.222668935,0.195385496,0.220480186,0.192364444,0.2084723,0.1921091,0.206998961
0.203576843,0.221753742,0.237152735,0.211703796,0.250579049,0.237013673,0.179380541,0.218164311,0.218171328,0.200439432,0.202635647,0.236941962,0.223632824,0.187226312,0.177048703
0.195758855,0.203254267,0.228104157,0.220164651,0.232231657,0.252418898,0.1940735,0.221122307,0.20188242,0.232403265,0.189065964,0.206679018,0.225857771,0.214932324,0.186778278
0.194152106,0.215506612,0.208115565,0.222271861,0.227311723,0.235688506,0.239424431,0.211785316,0.205000935,0.222245955,0.212807435,0.21152136,0.235656719,0.250921288,0.209359233
0.198360473,0.21597482,0.201324084,0.220916676,0.237216309,0.235519964,0.217034155,0.219508471,0.219569366,0.193074938,0.233000811,0.212523428,0.199759536,0.231404146,0.205768138
0.222391514,0.219620833,0.207573588,0.213472848,0.251331241,0.20218416,0.204460819,0.212169655,0.228717851,0.190715057,0.231154374,0.205558956,0.19653895,0.210879167,0.209252658
0.21314641,0.204285479,0.205807467,0.209504026,0.220817337,0.217337025,0.236772053,0.203523766,0.220685652,0.182163794,0.224072294,0.210023797,0.211084986,0.217154885,0.215790304
0.215573804,0.181119083,0.208415661,0.208450153,0.222396282,0.211702368,0.241911556,0.23235986,0.19869667,0.20569358,0.231078222,0.2192184,0.200466631,0.204006641,0.201830884
0.201789518,0.187401396,0.196455779,0.236044397,0.228237936,0.223454272,0.187367156,0.253072111,0.189214898,0.200441222,0.231455793,0.187446026,0.211075243,0.184258508,0.197757159
0.173919958,0.219552565,0.209458946,0.224226618,0.244576978,0.237943475,0.214511101,0.228635856,0.200123137,0.188109281,0.224992458,0.181910764,0.212466783,0.207071284,0.216441845
0.210748654,0.202226865,0.195203211,0.217541638,0.20236944,0.220390804,0.200782564,0.254539111,0.207433995,0.199557947,0.20572757,0.223165629,0.207479263,0.222569866,0.225679506
0.241046599,0.158169672,0.211727725,0.211780765,0.181985407,0.200945801,0.211199246,0.227439161,0.210079085,0.202186148,0.208921645,0.230053597,0.183506995,0.21689286,0.21882323
0.201340982,0.177718306,0.230356724,0.193211541,0.20159666,0.227484945,0.246374424,0.204760692,0.230561031,0.218872148,0.200185054,0.209325141,0.187275223,0.22103218,0.207465259
0.202324289,0.184631407,0.203915775,0.19662196,0.219421194,0.214472346,0.216904858,0.227277708,0.223082979,0.236284681,0.196209666,0.204301848,0.213433793,0.210890324,0.193670195
0.200615008,0.20406363,0.205946982,0.233434637,0.217466333,0.183703297,0.191695538,0.219544754,0.207487157,0.21427953,0.202851586,0.213966126,0.234231435,0.227874112,0.20805857
0.221088758,0.203453316,0.190580906,0.232457292,0.207445355,0.193476614,0.192351514,0.204830642,0.238440584,0.196602763,0.216457747,0.196108609,0.218755104,0.225039939,0.226590385
0.223796259,0.206633817,0.192278188,0.219901768,0.195678691,0.19006877,0.181910209,0.234549703,0.237720298,0.230935828,0.221917594,0.199489905,0.228449954,0.209947224,0.239822257
0.222474484,0.202595736,0.209435297,0.212811805,0.230677826,0.193092638,0.190588558,0.211987162,0.242133862,0.214931645,0.219323567,0.186110913,0.226401565,0.205014264,0.237073894
0.206581696,0.222369964,0.196191654,0.238128031,0.222681285,0.198247956,0.234867237,0.208441507,0.236283399,0.209309846,0.206649563,0.195308475,0.177579577,0.235440309,0.227977684
0.212869235,0.181202614,0.194063849,0.254922671,0.212706877,0.232810018,0.23910643,0.221876823,0.214971536,0.215947772,0.203340316,0.20455453,0.183346752,0.207260267,0.207860523
0.190255811,0.176823038,0.22629782,0.24020975,0.244224823,0.219476175,0.187559663,0.234235677,0.181362387,0.195545816,0.250646442,0.183687287,0.194842292,0.183968403,0.199779073
0.182335633,0.176640282,0.240416274,0.251934563,0.217364888,0.207325392,0.184394008,0.221021875,0.197998044,0.208880928,0.210733781,0.185259361,0.204045123,0.212135907,0.208568687
0.196337277,0.190131973,0.20365556,0.253060683,0.212463494,0.218144181,0.20337196,0.20818967,0.186346084,0.20484542,0.230904147,0.213212804,0.200002835,0.205778493,0.210257758
0.193114789,0.21302011,0.183165,0.232731291,0.215829818,0.192661046,0.225953388,0.177131842,0.182607597,0.169395169,0.231700288,0.184676658,0.196361939,0.217692497,0.207288682
0.193751634,0.224536215,0.18881951,0.214225394,0.188625555,0.188945004,0.199971664,0.178894721,0.211618339,0.187619874,0.223976313,0.185479188,0.209045557,0.227129909,0.218030429
0.174746054,0.225087157,0.20336749,0.215513174,0.162018054,0.226918705,0.200462198,0.180466844,0.216885213,0.197440337,0.224810734,0.211205716,0.225637235,0.206274481,0.20120694
0.198614209,0.225474805,0.224121492,0.222941469,0.176262334,0.20233708,0.180605893,0.176687811,0.226897843,0.200793676,0.219544861,0.244574547,0.227103458,0.207236968,0.19443623
0.187909598,0.175595962,0.228083621,0.214859034,0.192844684,0.174676984,0.195825479,0.208418112,0.211390262,0.188111108,0.192790256,0.223136836,0.22300768,0.224900981,0.187244728
0.204202311,0.176705964,0.213200449,0.190393034,0.221383496,0.182139564,0.240531314,0.220459579,0.208072308,0.22457574,0.200224806,0.195078904,0.219432086,0.213124991,0.197338002
0.199937293,0.184746467,0.201979159,0.192847274,0.221509313,0.215693729,0.253135702,0.217309024,0.19029453,0.221008751,0.181206369,0.207825634,0.219067709,0.194262111,0.192084897
0.201695388,0.170155933,0.195666468,0.19880688,0.226748168,0.230154901,0.225151392,0.210013999,0.197091773,0.189344332,0.19352077,0.211681823,0.211541765,0.206665331,0.199422749
0.231337742,0.186783612,0.196275564,0.201147057,0.203799478,0.219069643,0.194169529,0.195262454,0.186948898,0.198042324,0.190808713,0.19614198,0.210342855,0.201173461,0.209664651
0.216124831,0.182877495,0.172408509,0.19543524,0.182493509,0.191326881,0.189172144,0.201692994,0.191340687,0.216857365,0.189388928,0.206340812,0.242345832,0.198884298,0.210493857
0.210977494,0.193900263,0.197987644,0.212922914,0.176138151,0.194371061,0.229011072,0.192917927,0.195402148,0.19377713,0.209555196,0.194738724,0.218084819,0.204896924,0.214027147
0.186084712,0.209188334,0.220936942,0.204104308,0.212436873,0.212334651,0.244201897,0.203943692,0.205902368,0.183014252,0.226874705,0.223269575,0.205470803,0.188708268,0.19999502
0.199249403,0.211082482,0.204599656,0.229440188,0.224011004,0.215572811,0.251035869,0.19676442,0.20783006,0.203158963,0.219831084,0.214981317,0.214432051,0.193198386,0.211791244
0.201070191,0.209094076,0.201996297,0.239881107,0.212548835,0.200899588,0.230940373,0.193582286,0.212111883,0.21803156,0.214999093,0.208242565,0.195904777,0.198476556,0.21509679
0.207718736,0.199050419,0.202454156,0.226693752,0.207652189,0.17328835,0.205379996,0.195508372,0.214318427,0.212951349,0.208292236,0.202603186,0.189909151,0.191548786,0.207248945
0.21780861,0.214091468,0.223456673,0.214510195,0.19190257,0.183048848,0.215456104,0.181352308,0.203548168,0.206564133,0.186973793,0.193642524,0.199742176,0.181445167,0.2063317
0.233722343,0.218991877,0.212290087,0.225991401,0.191376007,0.180559652,0.221114101,0.207564139,0.205513233,0.183561049,0.186829232,0.17952768,0.205310308,0.20577773,0.205864818
0.21736978,0.199631868,0.203270376,0.218561054,0.211423413,0.186940325,0.20481844,0.206718719,0.210933595,0.176549384,0.198331197,0.199766861,0.196387694,0.208107424,0.201661259
0.209579588,0.205989552,0.209812127,0.196278033,0.229207394,0.194232185,0.214516373,0.222683711,0.203618477,0.188975502,0.181951687,0.189852412,0.179866086,0.20634312,0.201989778
0.201608223,0.215712371,0.202796269,0.183818242,0.21815139,0.184020788,0.230238747,0.210296889,0.210141973,0.212538894,0.202254874,0.201771128,0.204631084,0.211702546,0.208345189
0.237206132,0.219955733,0.215040578,0.194689829,0.198300172,0.198865414,0.233412792,0.225965587,0.195918817,0.218812666,0.237821825,0.224773644,0.199035888,0.2112179,0.196052309
0.239031635,0.184535329,0.230760595,0.212928851,0.188296833,0.194169924,0.196284317,0.231778901,0.187699239,0.207378363,0.206493733,0.253064022,0.200177982,0.214663011,0.207436964
0.225040226,0.207976008,0.23358657,0.197996398,0.196361064,0.202433895,0.201854441,0.207249964,0.194692516,0.197902004,0.18120696,0.233101758,0.212979038,0.216072738,0.237375943
0.208009407,0.210744306,0.213185922,0.169261293,0.208610803,0.207511838,0.221339994,0.197903717,0.203728834,0.206320845,0.188224298,0.217661666,0.224410183,0.215549426,0.233645433
0.201442038,0.231802859,0.208901127,0.207723289,0.193248758,0.197248489,0.178709292,0.197072442,0.225620377,0.195142446,0.191833149,0.186181061,0.233756775,0.204685558,0.229929098
0.189491834,0.209459043,0.200071658,0.225346719,0.209619886,0.188397906,0.182217557,0.199245039,0.232761315,0.225515652,0.177611169,0.189745245,0.214587324,0.194808826,0.22070336
0.198322782,0.213007779,0.204077082,0.216817688,0.210323119,0.190591717,0.198184704,0.199186474,0.221553861,0.223819502,0.188672382,0.220074889,0.204741281,0.184537084,0.219937291
0.19865151,0.23428209,0.196865488,0.226416066,0.213203494,0.204225062,0.193914871,0.183228166,0.244029933,0.229341625,0.21228411,0.19952279,0.202614522,0.194024353,0.20049087
0.192218534,0.215701763,0.1894834,0.208940767,0.217875102,0.214572435,0.234085397,0.199677007,0.221800744,0.206520311,0.229327751,0.21030008,0.198570861,0.207552321,0.21677484
0.219655516,0.201990311,0.185023296,0.191643111,0.241412847,0.201278061,0.196564453,0.21043215,0.19675259,0.187587507,0.209027934,0.192915562,0.19307429,0.217964681,0.202689492
0.222368206,0.177977184,0.20952427,0.179637567,0.227506568,0.208881841,0.18505908,0.202476512,0.207262613,0.205495608,0.214409539,0.198673795,0.183234987,0.195415456,0.20365189
0.21283848,0.178234662,0.205272962,0.200958993,0.222842526,0.225265198,0.178782934,0.2162678,0.198617198,0.194620867,0.220770759,0.206381701,0.200612201,0.184793933,0.184727016
0.17860972,0.194802989,0.210169858,0.203613103,0.209265575,0.193084415,0.209252161,0.186011123,0.233995386,0.208128946,0.219245471,0.210132806,0.211439268,0.195505621,0.186420124
0.179925481,0.184028507,0.206253645,0.189887562,0.185689161,0.192737466,0.241389913,0.216057234,0.215579096,0.190599165,0.219692662,0.207740298,0.223675103,0.198029481,0.190848561
0.187356103,0.215053142,0.201021117,0.209502625,0.170437666,0.209189258,0.242883445,0.2192859,0.180558415,0.171921173,0.203485242,0.197844536,0.233482251,0.181941398,0.204217899
0.197497796,0.21400594,0.221209502,0.209735578,0.190404564,0.216132113,0.236193739,0.194019916,0.177335506,0.182319596,0.229421677,0.211382219,0.191592765,0.202706905,0.216312964
0.206095976,0.207319183,0.22947485,0.206757674,0.204275955,0.216471525,0.234478688,0.187641307,0.192089523,0.222244527,0.220098757,0.196832901,0.198014704,0.200688797,0.224703988
0.201960991,0.207587147,0.229602636,0.229356504,0.209161095,0.196986819,0.226174115,0.181275421,0.183387199,0.247248127,0.236416767,0.189929002,0.193657616,0.216297848,0.223435827
0.193575864,0.199509113,0.232832708,0.228555542,0.20870794,0.184611431,0.224223175,0.218104453,0.200877613,0.227514067,0.244859264,0.208471867,0.196004113,0.206416589,0.208702284
0.185744844,0.194021582,0.196181264,0.205221884,0.221391419,0.188175178,0.209475314,0.2218656,0.216337077,0.228223803,0.209286142,0.193530797,0.19314372,0.217316737,0.189064467
0.206160809,0.205872255,0.201471459,0.178333533,0.244757366,0.190042636,0.228821795,0.198588218,0.196545016,0.229770012,0.215519265,0.218079943,0.200424042,0.222548726,0.203330965
0.202819656,0.182556404,0.225468886,0.195352225,0.23784768,0.174335148,0.229578517,0.166949202,0.182619695,0.251511364,0.202337083,0.223378479,0.198908321,0.208091512,0.22303404
0.198627764,0.17373653,0.201612884,0.170547291,0.222722864,0.185811615,0.214831929,0.172271959,0.210087767,0.235742477,0.220956191,0.211478947,0.196157541,0.196319789,0.215545187
0.20964283,0.171603732,0.193149696,0.168440054,0.198453206,0.19882408,0.19702327,0.180365525,0.231256473,0.232307928,0.228288892,0.208316852,0.194713496,0.213737001,0.198583028
0.196720103,0.192032623,0.187747353,0.17619372,0.208293547,0.190595904,0.203727541,0.186041474,0.242117156,0.2319413,0.233751262,0.20160183,0.192463162,0.213286961,0.216447185
0.180285583,0.218873952,0.198763859,0.186371315,0.22761873,0.205289446,0.216482738,0.172293841,0.237253614,0.195187368,0.205988121,0.218652242,0.202466073,0.207244956,0.242917595
0.179999917,0.192911534,0.204266075,0.222984062,0.20335611,0.197386457,0.205844897,0.203462512,0.220142816,0.196234217,0.201350445,0.222028343,0.206780087,0.199033952,0.233279716
0.198456642,0.174774149,0.215434789,0.222996759,0.199840701,0.178517175,0.205238424,0.192967773,0.213000983,0.201954536,0.198160624,0.232864145,0.195343683,0.202328509,0.199763259
0.210524195,0.192384742,0.214192205,0.192803373,0.198245011,0.199793433,0.189866623,0.206404576,0.220065345,0.211155896,0.203634459,0.190148936,0.189304445,0.208921698,0.229207078
0.200438448,0.205230498,0.207464209,0.203061905,0.203513929,0.217909888,0.213390454,0.193203345,0.215662685,0.233702209,0.219456259,0.203915969,0.200526755,0.204197886,0.223265545
0.188198322,0.205519284,0.21146723,0.194907408,0.21627462,0.226954873,0.196109294,0.209710873,0.195028521,0.24571168,0.231347517,0.194333369,0.223964023,0.211825269,0.211039021
0.2056462,0.204263892,0.216682806,0.215921804,0.212590323,0.206114332,0.21231292,0.200564596,0.200998319,0.257616881,0.2157912,0.19349199,0.215475303,0.203023006,0.180280748
0.214240857,0.195080839,0.211860699,0.221759147,0.191198195,0.220947773,0.239262916,0.213648989,0.20319926,0.217819292,0.245315153,0.214948913,0.197642552,0.193301042,0.185051482
0.216315858,0.198281849,0.198823248,0.184836637,0.190070292,0.218951114,0.206061544,0.2093997,0.185441655,0.198903775,0.246650651,0.212875466,0.196033316,0.185666926,0.198495486
0.202760856,0.201895061,0.188419356,0.18501765,0.21383903,0.203301204,0.207824547,0.200417091,0.215162234,0.211721127,0.215061917,0.205228657,0.213017011,0.206988785,0.194675415
0.222828449,0.232089624,0.192704277,0.173108815,0.218743385,0.205151589,0.220159804,0.178230064,0.22419496,0.230761643,0.217257009,0.182971169,0.216023264,0.211235755,0.185511795
0.198780382,0.237022375,0.220154631,0.167582696,0.222405234,0.193516814,0.211499666,0.193111271,0.201807418,0.234614471,0.225898151,0.19375981,0.238919187,0.216512252,0.187611702
0.18170818,0.22619506,0.232424407,0.199225292,0.23010567,0.193187679,0.212665631,0.221635072,0.209038689,0.252972106,0.216086382,0.193024393,0.244361057,0.200151357,0.19419518
0.1699188,0.212195081,0.226634032,0.231425993,0.20380936,0.188515755,0.208526884,0.203842015,0.234799837,0.209758001,0.188509869,0.181656053,0.204211006,0.22072078,0.216716653
0.186841871,0.205475418,0.226334485,0.238604681,0.195061388,0.188403259,0.199286927,0.185569395,0.238654735,0.180844397,0.221525209,0.1790525,0.216862783,0.238609755,0.201459123
0.227699388,0.196515146,0.199305268,0.225648776,0.192862674,0.187602826,0.19228764,0.200514432,0.231432549,0.172869152,0.241125358,0.217365855,0.218969243,0.231642807,0.201515073
0.221367209,0.191241084,0.187316132,0.215565104,0.203316795,0.218896004,0.19995514,0.203367325,0.204267027,0.192936579,0.219885687,0.233531357,0.210849709,0.221247369,0.220549562
0.200657055,0.179195616,0.207400914,0.214991752,0.185671176,0.219736985,0.208488665,0.172953537,0.214358888,0.222716381,0.219048352,0.217002562,0.201913957,0.198275138,0.201602824
0.176565268,0.183171188,0.229986314,0.193558502,0.18709424,0.183731938,0.204528134,0.17171254,0.215850048,0.226867637,0.22234927,0.207481538,0.212010033,0.191014981,0.206932253
0.197415627,0.204440699,0.231750786,0.183679759,0.179543994,0.204953661,0.199094878,0.1982499,0.20740152,0.195549343,0.235208064,0.198431477,0.203971625,0.188974476,0.211088984
0.196969131,0.209943756,0.21241789,0.210367438,0.210041605,0.200820668,0.208032398,0.210029815,0.209250952,0.214680957,0.229234765,0.204822863,0.214030114,0.210907121,0.204598747
0.170108138,0.214989171,0.194896332,0.237871232,0.215244991,0.221595587,0.209740198,0.219653296,0.205188401,0.199459883,0.204860711,0.209335104,0.216277269,0.21678655,0.207452627
0.184217581,0.197545672,0.193177321,0.226313289,0.22143311,0.199633603,0.198533271,0.221204729,0.209954854,0.183096267,0.241620833,0.21340209,0.215103215,0.225662154,0.223762097
0.185248692,0.205950286,0.22404956,0.217809195,0.213831918,0.197917058,0.179694943,0.210811818,0.184063512,0.192451224,0.226783858,0.227766687,0.207053563,0.217498282,0.193921215
0.232048454,0.243730695,0.21567908,0.209858501,0.202805835,0.205785218,0.19580731,0.202228087,0.193405732,0.197345174,0.209142992,0.231447303,0.210713402,0.203873974,0.204991174
0.252424263,0.220502494,0.209593914,0.245314159,0.191425762,0.219471974,0.229266534,0.205319491,0.219754129,0.206666611,0.194609493,0.216298685,0.225572166,0.188520163,0.223874917
0.225475221,0.218396805,0.21194986,0.215539614,0.186834966,0.208654474,0.212341896,0.213053565,0.217663516,0.2048821,0.213242358,0.22790903,0.239439997,0.196768023,0.205117772
0.212867572,0.232092674,0.224335226,0.198225851,0.2288367,0.197665205,0.20361321,0.225152925,0.210134302,0.208809579,0.227069492,0.219081298,0.227371318,0.176078797,0.207506667
0.22697795,0.223702385,0.207576293,0.203306803,0.208845878,0.208657866,0.207390709,0.214612802,0.208436309,0.214319582,0.216358514,0.213593654,0.214579892,0.186824961,0.23031188
0.231293238,0.199531647,0.207646031,0.193586113,0.208201009,0.222918189,0.206635636,0.214643557,0.201333153,0.211668389,0.236173409,0.212694452,0.211254053,0.205183649,0.223828956
0.193159437,0.203587296,0.237685953,0.215624398,0.202338076,0.229163877,0.218665133,0.179171041,0.196026918,0.200578712,0.240338828,0.234808189,0.221259442,0.192290365,0.23012699
0.18627851,0.19827334,0.225368644,0.248907405,0.176358398,0.220194297,0.201315733,0.194549956,0.211376843,0.200631276,0.246535167,0.225796165,0.220713447,0.223544697,0.229729843
0.188089062,0.207806914,0.228947563,0.22576933,0.200472005,0.207541138,0.17109222,0.204425858,0.217521357,0.198882292,0.254909384,0.239842525,0.20503653,0.256642142,0.229674732
0.193536264,0.200532099,0.203125658,0.225117621,0.232668365,0.205805653,0.211707105,0.175453291,0.19195665,0.202570284,0.23917276,0.241264129,0.2218768,0.216018225,0.229053806
0.220014749,0.192658933,0.19984582,0.240487614,0.248129243,0.180283142,0.208838943,0.214906873,0.211936087,0.199751514,0.210717968,0.215205918,0.222023573,0.238975934,0.210829519
0.197435602,0.184209169,0.226291276,0.211841854,0.222631555,0.18242643,0.222849328,0.241810314,0.238676144,0.2159956,0.20499537,0.229796469,0.22846112,0.252155557,0.206166722
0.202191937,0.231581271,0.231815504,0.22275737,0.230720584,0.216752644,0.22096763,0.199298024,0.236461354,0.209913799,0.210072991,0.215933736,0.210376102,0.253013696,0.227990108
0.222769694,0.204612056,0.20062206,0.22155815,0.216767207,0.254233785,0.226952924,0.186446528,0.22940706,0.218232903,0.245744519,0.213376248,0.219908314,0.232446083,0.236080802
0.214235695,0.171148749,0.213863118,0.220657305,0.220796301,0.24347161,0.217129776,0.21051998,0.214933081,0.2263752,0.231531778,0.237782639,0.237163821,0.225422653,0.221977165
0.20837248,0.188096411,0.215333368,0.242248983,0.238207328,0.220244492,0.219491917,0.211864298,0.234959748,0.224658658,0.213725802,0.220692841,0.253671218,0.243711301,0.22615754
0.209268228,0.238731137,0.228021059,0.220234395,0.210220307,0.219781686,0.212898089,0.21287498,0.22687872,0.204541757,0.22034993,0.227377716,0.239855386,0.255172398,0.245620385
0.22104609,0.235737268,0.213285045,0.204827242,0.2331771,0.235223038,0.201446601,0.211903664,0.201325869,0.218286501,0.254846596,0.247297554,0.243463759,0.247571783,0.248114453
0.228314694,0.217543571,0.232001125,0.210502319,0.248362978,0.206461279,0.185490503,0.213142919,0.20134541,0.226235498,0.286273744,0.244842395,0.23388568,0.237795872,0.231775047
0.224367617,0.220057227,0.234189882,0.212265763,0.236142457,0.204557922,0.2096225,0.223544597,0.221509408,0.224728372,0.277892035,0.2434467,0.240268239,0.234567256,0.20715749
0.221938583,0.224349222,0.222553218,0.215671407,0.195235315,0.222306246,0.199538259,0.260978036,0.22581814,0.22977792,0.2406698,0.231006014,0.25425822,0.264086677,0.24225091
0.218647853,0.218870185,0.197701082,0.236024369,0.220440797,0.240803089,0.208332567,0.252357754,0.249912362,0.237153225,0.227096988,0.259822415,0.225138833,0.254989655,0.238195444
0.227288762,0.233092867,0.235326252,0.241704097,0.217428471,0.231593856,0.231183792,0.214332665,0.242991696,0.227160599,0.235802027,0.268548969,0.220634096,0.275368435,0.237965396
0.235635993,0.234755962,0.239848141,0.242712085,0.245657168,0.226032061,0.218951205,0.221611203,0.228172555,0.216881758,0.253772392,0.263692382,0.231305205,0.265647153,0.245143619
0.262193986,0.232221409,0.24693577,0.247397022,0.266048479,0.245919452,0.229486282,0.219199666,0.237209572,0.232853555,0.282418611,0.258325435,0.232295094,0.227598868,0.234002677
0.249275627,0.216578999,0.268416546,0.216079715,0.255215147,0.239639926,0.226214662,0.221155522,0.274001336,0.213976987,0.272231753,0.252474796,0.251910858,0.258508167,0.26338084
0.225790302,0.212976013,0.273719624,0.238951212,0.257905598,0.211683052,0.209455386,0.236807168,0.262716648,0.217528188,0.268788615,0.260046503,0.2684045,0.26135061,0.257291676
0.253857075,0.204365345,0.26901698,0.257597656,0.239317323,0.229338808,0.209574816,0.216497223,0.235104598,0.27471914,0.277565195,0.219336297,0.287421222,0.23798629,0.227753958
0.262280558,0.221287225,0.29402869,0.26751289,0.235063858,0.257762149,0.225689184,0.242120142,0.235227178,0.266899476,0.259663973,0.247762279,0.26122275,0.264150466,0.255428005
0.226718039,0.219927204,0.291927143,0.297495382,0.244501467,0.274556164,0.263746308,0.26291375,0.257186566,0.226042245,0.245975492,0.286565942,0.276757079,0.269604374,0.250275704
0.240394296,0.219555764,0.274675102,0.257573158,0.285661491,0.236058828,0.23240065,0.271853396,0.284397373,0.250394385,0.248444196,0.290632958,0.269987843,0.270088264,0.289736091
0.257660273,0.251206877,0.251684229,0.257089637,0.247670791,0.235857056,0.274720819,0.287441426,0.277056727,0.296705519,0.268783945,0.30180314,0.266773312,0.262559443,0.295109015
0.249692415,0.261881113,0.269496348,0.277179857,0.241106887,0.208756654,0.243566236,0.259448527,0.277688138,0.287292169,0.26156237,0.294965235,0.258640924,0.246683978,0.274040133
0.23401604,0.263447381,0.288013736,0.272389964,0.250194902,0.241732342,0.244802872,0.277483385,0.271855752,0.268766474,0.278851429,0.289794229,0.278501076,0.236237429,0.24501097
0.249290308,0.240056683,0.273134072,0.256598224,0.25579854,0.249030642,0.238584755,0.278750459,0.286857124,0.23077891,0.31697827,0.271466218,0.288596914,0.266945069,0.247627875
0.279754814,0.228943452,0.253206295,0.262801852,0.263262565,0.306390865,0.275779286,0.282432654,0.267190379,0.266038723,0.321500457,0.27121547,0.240042848,0.263516288,0.272630489
0.30405333,0.255823882,0.26070172,0.292632483,0.268757186,0.272304316,0.283435765,0.279774124,0.295937257,0.248034164,0.299205071,0.297023002,0.24691405,0.259680261,0.275852639
0.294912451,0.27609389,0.267616427,0.287511448,0.263107572,0.257194713,0.269504793,0.261533682,0.304066284,0.225787753,0.311655168,0.307376164,0.264217513,0.255541971,0.272723755
0.291539004,0.263166567,0.284808338,0.282881761,0.258302518,0.265515526,0.269621602,0.230066451,0.301196691,0.254471769,0.330418574,0.29035586,0.306756094,0.272686248,0.24478732
0.27997114,0.27734181,0.27805092,0.322226423,0.260142138,0.243108403,0.278515474,0.258254503,0.293888759,0.304851761,0.275742021,0.329909786,0.333728118,0.298210743,0.26107184
0.285453149,0.275705733,0.297144893,0.335319024,0.296005222,0.251311349,0.290933001,0.270066703,0.296483211,0.286665569,0.276067493,0.324601278,0.283537813,0.322857904,0.322867352
0.289092171,0.318448559,0.331397615,0.341926968,0.302207823,0.266955214,0.286476862,0.334800973,0.302036665,0.312203069,0.295765724,0.331882582,0.265080658,0.331871207,0.301762363
0.291266538,0.286286497,0.331799005,0.31893334,0.306463879,0.264441624,0.288932357,0.293491722,0.321520131,0.331625028,0.285342125,0.315087273,0.278067347,0.29896094,0.283484799
0.283354594,0.239609368,0.290236067,0.303154519,0.291595564,0.277554856,0.275017295,0.269701736,0.295209577,0.333125836,0.274812276,0.289707892,0.306795326,0.291710236,0.327265697
0.292326872,0.297414937,0.263897307,0.345581581,0.28474386,0.268924899,0.270221132,0.3086922,0.284355548,0.340163975,0.28330816,0.333354745,0.314822088,0.322557186,0.275298015
0.276030901,0.296247091,0.269608443,0.311703087,0.291960458,0.261413942,0.268595444,0.311632677,0.297909906,0.290482635,0.320586361,0.372673613,0.306959613,0.301215798,0.295995999
0.309475472,0.312823062,0.279937198,0.318214428,0.368982072,0.278415424,0.304660164,0.334416674,0.344888898,0.293496004,0.321494501,0.341774446,0.295888502,0.283491001,0.303588897
0.304612617,0.325657962,0.309042938,0.309349531,0.390441057,0.318719752,0.306734424,0.297301191,0.334196978,0.310034596,0.344698626,0.327529855,0.317683218,0.285068557,0.294579862
0.325683644,0.267943792,0.307972081,0.324941533,0.320039322,0.341922266,0.295878885,0.299918493,0.372455554,0.332909073,0.364447482,0.361244286,0.318351263,0.297839166,0.316668802
0.335266913,0.302765227,0.352281486,0.377811142,0.30482431,0.355677375,0.28343571,0.317518469,0.353027267,0.371226987,0.319581338,0.372685445,0.340618713,0.324911719,0.306553929
0.309289064,0.34427943,0.325038359,0.372813031,0.331570227,0.38430563,0.329694058,0.3351956,0.313703651,0.308257236,0.304399176,0.390656443,0.363329389,0.336102988,0.322344743
0.302769465,0.31553718,0.308401207,0.320154365,0.362315578,0.370852094,0.360304437,0.367042309,0.339193324,0.355640219,0.301074401,0.362989476,0.300191607,0.323683654,0.32055656
0.339117736,0.305913497,0.318493521,0.347341358,0.399906497,0.332536913,0.336089178,0.391852776,0.34591085,0.369946172,0.317288152,0.343208623,0.312456419,0.328507515,0.343066338
0.382385743,0.314623805,0.312363437,0.388673381,0.350593677,0.356530905,0.328326335,0.376077871,0.327428528,0.379206589,0.287078494,0.352565361,0.36584645,0.296610426,0.332981017
0.353158955,0.344698349,0.280818596,0.379146881,0.345696395,0.351973518,0.327307455,0.38640732,0.351768574,0.357666591,0.31032407,0.359678464,0.350095517,0.269830869,0.328531318
0.338446957,0.332437471,0.321909824,0.343118342,0.376805834,0.356739811,0.341955499,0.379307334,0.381910995,0.356269227,0.362047937,0.32680691,0.33594176,0.323693543,0.312173305
0.362271174,0.316184792,0.325365308,0.335449228,0.356616383,0.39996958,0.324092311,0.333621721,0.344704781,0.359616906,0.332269259,0.302486734,0.341308772,0.383070763,0.301419598
0.358948039,0.335293106,0.305585793,0.345135919,0.339125617,0.360353806,0.283367415,0.315095156,0.361869429,0.383407715,0.358381479,0.281116414,0.33293446,0.347871533,0.306667913
0.321641799,0.357041625,0.298240169,0.396135533,0.337738694,0.320180175,0.331346843,0.332239067,0.375679034,0.371172608,0.326989305,0.314397577,0.330648223,0.340563397,0.353851107
0.347788834,0.301129743,0.281228915,0.397744234,0.311820414,0.287605264,0.338321158,0.307274133,0.395172909,0.377465837,0.344429755,0.308874485,0.350701037,0.34983534,0.369630368
0.347241741,0.284327639,0.279485549,0.372565777,0.335680011,0.322771812,0.360127311,0.315385299,0.356454175,0.361248743,0.345009821,0.333041433,0.352664578,0.332934951,0.349646214
0.333144784,0.31054029,0.282224896,0.335915593,0.349955099,0.328586701,0.324585968,0.302925029,0.286873223,0.351808037,0.290270759,0.324602898,0.358214661,0.367897342,0.308495368
0.333941769,0.297522542,0.288364495,0.34222506,0.354290032,0.308479977,0.301270776,0.277825388,0.323792025,0.313142201,0.303344241,0.287141355,0.340815976,0.348865099,0.312589326
0.341562343,0.307055702,0.288349474,0.39477199,0.329155301,0.366524727,0.31032686,0.301753428,0.364522625,0.332541606,0.360975311,0.287588742,0.343632382,0.315610812,0.295074674
0.359789807,0.294020702,0.279930264,0.367816151,0.312928134,0.352375784,0.343210502,0.352764552,0.328879655,0.326223545,0.339119278,0.298533846,0.358951579,0.323175172,0.277558923
0.303955914,0.262882743,0.291586407,0.365887659,0.304153633,0.30340779,0.320722112,0.348774975,0.312925976,0.364531649,0.308643992,0.320549719,0.343758293,0.347377902,0.361476963
0.225912033,0.311984916,0.319683409,0.331870174,0.309885277,0.305590895,0.342379367,0.330909865,0.344762002,0.335687342,0.301354563,0.318444825,0.319244392,0.302259013,0.329092153
0.281804334,0.303686874,0.311351343,0.304264372,0.337569058,0.299646345,0.325473538,0.291488293,0.308924287,0.332694423,0.284286306,0.287020685,0.305942264,0.320976953,0.323306132
0.326062808,0.269068092,0.268991412,0.314273572,0.331126785,0.306870223,0.336224618,0.278560075,0.317681027,0.31120542,0.242306684,0.29175732,0.28927033,0.342535175,0.303520073
0.301991688,0.293200736,0.329054403,0.335887404,0.291848715,0.296549401,0.333351043,0.28731871,0.332561383,0.297138563,0.311885325,0.317057993,0.335830784,0.312245313,0.292057539
0.287738377,0.28063669,0.329295084,0.318298639,0.27973201,0.299065651,0.317406151,0.283181988,0.317353516,0.323819731,0.313119154,0.314071548,0.344779524,0.295172533,0.273038304
0.289344109,0.302055761,0.316386297,0.280302442,0.2916381,0.316713006,0.373560221,0.270357198,0.317575083,0.309090609,0.28454446,0.316680819,0.33678009,0.319036797,0.278942832
0.309545971,0.351729132,0.353477951,0.30641663,0.316142379,0.336641119,0.343061415,0.314742931,0.315759904,0.286567359,0.250798451,0.271793807,0.324214348,0.349862061,0.317449111
0.319511878,0.292898873,0.35736452,0.276597888,0.308979755,0.336522788,0.297587102,0.314924279,0.302648274,0.297708311,0.298248205,0.272517638,0.318861458,0.338785733,0.310563864
0.250403017,0.304611163,0.334007227,0.29079,0.312168216,0.290442037,0.288020899,0.328990748,0.313280247,0.276748861,0.301840176,0.320248689,0.341355198,0.354662052,0.275382623
0.257782548,0.312926096,0.362701797,0.281664692,0.26833763,0.264751465,0.336423712,0.311350485,0.297279158,0.290942212,0.291083473,0.31713153,0.323319885,0.331583313,0.278668032
0.263956172,0.283712401,0.343793823,0.292183889,0.270406707,0.269978881,0.356688541,0.27207872,0.289756848,0.255973736,0.291152222,0.276551208,0.294540429,0.349962248,0.279547746
0.249745761,0.281667972,0.343859221,0.277927888,0.304033949,0.243273199,0.369126373,0.281816527,0.262033099,0.231006993,0.277020684,0.27719008,0.324814911,0.318911653,0.303841752
0.257816451,0.321245343,0.308401466,0.251532013,0.258791631,0.281375059,0.375584226,0.290536223,0.281497309,0.286134239,0.287019733,0.271819548,0.306853064,0.288273138,0.302969368
0.257047957,0.311670508,0.289094496,0.256124699,0.253463265,0.299013361,0.3418145,0.281542091,0.294435509,0.31770136,0.28126205,0.274349342,0.349678051,0.306642702,0.304468894
0.243646172,0.282655442,0.303100134,0.26172035,0.273349953,0.319424187,0.295917658,0.3145912,0.319860189,0.315865565,0.269765675,0.300047901,0.336353111,0.294379855,0.309759742
0.263620919,0.299965819,0.297807646,0.261242042,0.262318163,0.347366883,0.289764339,0.268931537,0.272029578,0.274680192,0.318193855,0.287373842,0.299946666,0.311728922,0.31649376
0.256976519,0.278667258,0.274849273,0.281664531,0.258670244,0.336356889,0.315082484,0.290364567,0.241725513,0.250801045,0.291732988,0.265126697,0.305520532,0.327623819,0.30962478
0.254743063,0.277625118,0.270793622,0.307875595,0.280124913,0.318073296,0.318512176,0.31308756,0.274450294,0.273527109,0.231104485,0.30012507,0.302005026,0.323577209,0.322626655
0.280823152,0.277919507,0.31091252,0.305972113,0.306050795,0.254395128,0.338206401,0.331677219,0.295250999,0.285814925,0.298121733,0.293042774,0.322961205,0.320120443,0.315191898
0.228012891,0.279479342,0.345096127,0.261145534,0.29633477,0.285848622,0.297810724,0.334706843,0.294834556,0.274672073,0.284030134,0.319391373,0.344015288,0.314817099,0.317080451
0.24144727,0.281060556,0.321993029,0.271587432,0.284370784,0.270791343,0.300673312,0.287848283,0.290765754,0.272274547,0.263829621,0.324365827,0.330693051,0.288273343,0.313751667
0.269273693,0.259127647,0.266771358,0.302854486,0.274930947,0.284281781,0.332980066,0.25689853,0.25299009,0.281717636,0.235781489,0.289196726,0.314215949,0.271331078,0.304907469
0.272938647,0.284006105,0.278488737,0.326151949,0.26807934,0.295116074,0.34376819,0.227952767,0.252861943,0.271385902,0.224834785,0.233873652,0.327361812,0.302845881,0.294935047
0.278922608,0.245280899,0.304648137,0.281869472,0.284362656,0.296620236,0.334750525,0.221439657,0.27482946,0.263584376,0.27927976,0.279769295,0.332435706,0.304998573,0.276566292
0.277831043,0.224832319,0.309705075,0.257468677,0.303899471,0.308309246,0.326169283,0.249620886,0.280499982,0.251468838,0.333077757,0.272462265,0.325032464,0.319682128,0.29090033
0.258861015,0.255691878,0.308737756,0.264218598,0.262333951,0.285805803,0.344000483,0.287824018,0.254617872,0.292514361,0.278779802,0.272028797,0.328499658,0.30556912,0.278448601
0.239471368,0.261812495,0.31013058,0.280243284,0.261786233,0.280502831,0.285269328,0.297688469,0.255255274,0.267768434,0.27604974,0.299000796,0.329182032,0.278377575,0.249775768
0.233579806,0.275884648,0.298686653,0.272559501,0.239315013,0.286655068,0.276221131,0.294815723,0.255090952,0.260225878,0.262724837,0.274581173,0.285328154,0.308250608,0.275425358
0.261869241,0.248545847,0.307239754,0.239658488,0.27153762,0.266131253,0.307001507,0.255751384,0.258688545,0.258371391,0.254985077,0.268670052,0.296454593,0.295877718,0.292507107
0.256066871,0.231091722,0.265972716,0.264312466,0.325357094,0.255678616,0.300910542,0.288012396,0.270813857,0.279933862,0.296270866,0.248936898,0.282566639,0.268415532,0.282835615
0.246832189,0.242004034,0.27617203,0.29079222,0.265657973,0.273638031,0.278574593,0.276552568,0.248415935,0.254628154,0.289853168,0.25969175,0.312615611,0.275816733,0.289684121
0.238105803,0.263419486,0.29701642,0.277508242,0.246111999,0.279021698,0.277065646,0.288397734,0.277220107,0.263103663,0.294646134,0.240485065,0.335304214,0.301492662,0.287217394
0.257718002,0.283896525,0.317701114,0.24412655,0.238790702,0.238662379,0.30583454,0.285917538,0.292199357,0.235879194,0.254776428,0.259240381,0.32749285,0.27228936,0.267834578
0.264714431,0.266791435,0.323718777,0.239486484,0.250234451,0.256281265,0.316645646,0.267424919,0.258491464,0.245532817,0.225970153,0.282251552,0.292533348,0.319378038,0.310958414
0.274820938,0.249226628,0.309200474,0.253836229,0.261482168,0.25995666,0.314347463,0.235426447,0.273119163,0.247976755,0.236662696,0.299008463,0.302904773,0.31760302,0.327276946
0.264201324,0.254245523,0.30840396,0.240057607,0.248463537,0.232293637,0.309594591,0.234178073,0.265379626,0.256303634,0.272110578,0.237691764,0.289119795,0.315072688,0.318775646
0.279501785,0.266557143,0.286814227,0.24751309,0.247782594,0.271277511,0.319002439,0.218533856,0.248631277,0.224108918,0.282251163,0.240953807,0.295309168,0.305246198,0.309473177
0.259247925,0.263543452,0.297765027,0.235477933,0.257319216,0.284479693,0.278780659,0.237308489,0.258111814,0.250343881,0.250504796,0.253669749,0.293623958,0.298439023,0.298100259
0.241630928,0.261551977,0.327337181,0.245572538,0.226769606,0.30196592,0.239756281,0.229323671,0.294741759,0.261694264,0.276204434,0.246203641,0.312193092,0.279233279,0.272459036
0.258239133,0.252952894,0.28397703,0.245607407,0.234276063,0.291316634,0.253792852,0.222744622,0.265966126,0.239555186,0.269799043,0.263646979,0.281770625,0.284065034,0.290001209
0.255521505,0.234871818,0.299501108,0.257269478,0.2608743,0.246857678,0.256247698,0.264455208,0.239102838,0.245506714,0.264325967,0.277589994,0.295401247,0.291021467,0.298121425
0.232426057,0.252002296,0.318293903,0.259387375,0.268649276,0.238873141,0.227863735,0.258798635,0.24486645,0.253519829,0.278874322,0.250250015,0.296729762,0.303449923,0.283444011
0.237354595,0.255491475,0.28998845,0.247195928,0.277968544,0.238397746,0.310190098,0.243756947,0.270060875,0.268288262,0.290714455,0.269378619,0.315364808,0.289448702,0.292656145
0.254373855,0.279384026,0.313895431,0.237394041,0.270396943,0.23209475,0.31048628,0.23986974,0.265255048,0.239719984,0.260986735,0.299647901,0.309331986,0.300971518,0.297221444
0.268396365,0.288434662,0.310642097,0.258943382,0.25121218,0.240377126,0.273941319,0.233130749,0.271232563,0.251868002,0.277713202,0.27554397,0.289457787,0.317117839,0.271055464
0.290610265,0.254210694,0.302760952,0.2327378,0.214763381,0.247866457,0.25014386,0.270460726,0.281515333,0.252568545,0.308228442,0.247547533,0.295585116,0.305758632,0.25878663
0.266830815,0.218829556,0.32186014,0.227592722,0.224766281,0.273626294,0.269973393,0.282018878,0.255628248,0.228755831,0.274873096,0.258670202,0.30198649,0.293163381,0.267906671
0.125609372,0.121205864,0.150150594,0.105995821,0.126558787,0.149411723,0.126018443,0.120274535,0.132511413,0.128969433,0.148169721,0.125022624,0.155258477,0.16288043,0.134777524
