BallenasCompressorSk440-Cyl2-2018-09-26 15:30:25,BallenasCompressorSk440-Cyl2-2018-09-26 15:35:44,BallenasCompressorSk440-Cyl2-2018-09-26 15:43:59,BallenasCompressorSk440-Cyl2-2018-09-26 16:14:27,BallenasCompressorSk440-Cyl2-2018-09-26 16:17:45,BallenasCompressorSk440-Cyl2-2018-09-26 16:21:06,BallenasCompressorSk440-Cyl2-2018-09-26 16:26:12
29372.2062,42903.28094,57673.88962,28359.72457,33793.68652,31742.16543,21806.60594
152.7604051,152.6767543,152.80061,152.6876481,152.6653586,152.7807952,153.0555818
202.58,204.58,209.04,204.14,208.5,205.58,200.34
94.22,78.7,82.92,94.66,85.52,87.84,83.66
152.767167,152.6803894,152.8027609,152.6951134,152.6728084,152.7884644,153.068552
-117.9827931,-118.7183862,-118.4460966,-120.7392093,-117.8980196,-118.2326402,-120.2893384
0.066567226,0.073301967,0.064264192,0.074000617,0.059482387,0.068453875,0.063927327
0.338879014,0.357165387,0.349665105,0.362901799,0.348087362,0.343210741,0.354707189
0.296094709,0.309394928,0.287543934,0.298390941,0.305871745,0.270357075,0.31553706
0.337395873,0.341592647,0.321308002,0.337036315,0.314500729,0.31381222,0.343573051
0.331429756,0.338998025,0.331964126,0.323757763,0.328032339,0.337588092,0.352185065
0.241530149,0.253682967,0.252645417,0.244367575,0.251937327,0.25675733,0.247984307
0.217082797,0.238909556,0.225361553,0.209088233,0.231023297,0.236618199,0.19852256
0.217763117,0.228490028,0.23020756,0.209362962,0.250366209,0.228668527,0.205308465
0.214190981,0.219832084,0.226434487,0.247737486,0.235028623,0.219018453,0.220512545
0.193708717,0.21497947,0.220446484,0.246643444,0.210111713,0.221584917,0.209655203
0.196581577,0.209999723,0.218279568,0.217768044,0.215621421,0.214389993,0.214491422
0.193717186,0.203509504,0.205571578,0.220134841,0.203632158,0.197688645,0.216111586
0.200150804,0.195513607,0.198908258,0.207257347,0.212272044,0.192196479,0.1961075
0.205340998,0.20332944,0.204904297,0.212319798,0.219261376,0.210034623,0.178633855
0.215948047,0.208431478,0.20192954,0.211663971,0.209860907,0.221776651,0.202024008
0.219003703,0.200605141,0.211268023,0.196407611,0.19554435,0.219967877,0.207522101
0.213531629,0.198462447,0.205496906,0.203270521,0.207553882,0.208269224,0.2044511
0.207960723,0.20041532,0.205854163,0.20639966,0.193088872,0.192776608,0.215628388
0.193380554,0.201841888,0.20497038,0.198349049,0.196648323,0.199157303,0.183587085
0.204998923,0.20098963,0.195914477,0.207302211,0.20222444,0.204398183,0.185833086
0.202792815,0.187007028,0.203237871,0.21074417,0.200596525,0.200330793,0.186552095
0.202179428,0.190367554,0.211319704,0.20603536,0.205058078,0.217331784,0.205398097
0.214136807,0.19590391,0.210225799,0.212741637,0.218204007,0.226905169,0.213079989
0.207520377,0.201098782,0.205171453,0.209488905,0.213142883,0.22187305,0.217556714
0.207639988,0.206975781,0.199479801,0.205044954,0.209699484,0.214579492,0.205060058
0.217673975,0.210251041,0.202016365,0.196304219,0.202311387,0.196622962,0.193404967
0.206899779,0.201084175,0.204198218,0.208353933,0.201197517,0.197038483,0.211417918
0.188430917,0.207208337,0.20278717,0.197830033,0.19673228,0.195792005,0.203806862
0.184056841,0.213107594,0.20508012,0.187389145,0.199610341,0.187312188,0.203374246
0.190264796,0.209755269,0.209812183,0.212120286,0.203221586,0.184217123,0.215900522
0.194400867,0.195485781,0.204036385,0.220363996,0.197252655,0.18301202,0.20266116
0.207190361,0.190021156,0.204352371,0.205401525,0.203959953,0.198901195,0.216008848
0.216384492,0.203186607,0.197070182,0.17951612,0.195424684,0.205145087,0.191466143
0.191437033,0.207078647,0.195645981,0.192751474,0.20020922,0.203719188,0.189821088
0.171587644,0.204702228,0.208128642,0.197006253,0.209132069,0.200751422,0.183563038
0.194154582,0.206816948,0.208272208,0.204529255,0.204809756,0.187494894,0.198947291
0.207942553,0.205934439,0.207332854,0.212141707,0.213788562,0.188860751,0.229237472
0.213819028,0.194573153,0.197528734,0.203899051,0.214257096,0.186984476,0.217137119
0.197924495,0.198456715,0.203640791,0.181769143,0.210165007,0.208671085,0.182564285
0.197082754,0.208218378,0.201185229,0.194471409,0.201644799,0.205621937,0.185547663
0.204031622,0.21346044,0.192083083,0.207249515,0.209707309,0.209338886,0.19057996
0.208979223,0.205575655,0.196118037,0.218762251,0.205473952,0.203476927,0.190697099
0.217488096,0.206726349,0.209274238,0.205848525,0.211541546,0.200821187,0.197122739
0.209050193,0.203303487,0.204013548,0.208748324,0.203366,0.197624247,0.204418418
0.201356226,0.205004873,0.200936524,0.203844259,0.19592872,0.208634669,0.194754409
0.216990016,0.200307331,0.202422463,0.196776087,0.203257545,0.210013689,0.222807842
0.211582738,0.1922074,0.196229575,0.19717893,0.207223215,0.19833528,0.222464408
0.196442408,0.199330995,0.203357346,0.198487352,0.207068148,0.189742162,0.177409418
0.198932318,0.203968588,0.206302189,0.205826496,0.205128411,0.187287282,0.174358308
0.20785348,0.210126674,0.208770113,0.207701769,0.217460482,0.202218316,0.212932735
0.202672252,0.20825535,0.202943374,0.208569,0.219034237,0.199886833,0.213428661
0.203689551,0.212695399,0.203757516,0.211500347,0.217716313,0.214069712,0.206025826
0.209773049,0.200724036,0.198414281,0.206383564,0.201879011,0.200770468,0.21195575
0.208228421,0.201163023,0.206014319,0.200561305,0.195625588,0.189592205,0.214419125
0.195158581,0.211711194,0.205146483,0.197348107,0.199222958,0.203438834,0.199366794
0.204387978,0.202929448,0.208344433,0.201556058,0.184971968,0.199798379,0.191186132
0.223025064,0.204665317,0.209377865,0.199554569,0.191015061,0.193889402,0.201620196
0.205541995,0.212560927,0.203192724,0.228417472,0.209093196,0.193337152,0.199098581
0.212474955,0.222206715,0.205204733,0.23780868,0.216864408,0.204158354,0.187427301
0.197669957,0.209189654,0.19977696,0.212800148,0.209290191,0.191754213,0.181184096
0.204964789,0.209677412,0.198075428,0.1992707,0.208860862,0.204406324,0.192451716
0.225168654,0.211113773,0.203125676,0.200738322,0.200040556,0.205682411,0.202654996
0.214919776,0.208036448,0.196854923,0.219017938,0.211516275,0.210170688,0.19003741
0.207828918,0.209044506,0.192360458,0.20516174,0.216222629,0.209369493,0.206113566
0.200708671,0.212465014,0.205273713,0.2192546,0.215500909,0.200175031,0.216468306
0.216736637,0.213142699,0.211299929,0.213226839,0.218805057,0.196239419,0.210934247
0.210801261,0.220422907,0.20147679,0.196431913,0.211562613,0.19894345,0.215807043
0.210971682,0.198390688,0.20480565,0.202110676,0.212052152,0.203652903,0.227720715
0.207082323,0.215493763,0.209550039,0.228798184,0.212396003,0.224560986,0.206655001
0.216639323,0.222924643,0.21421039,0.209637068,0.214960092,0.213580338,0.217248112
0.213129817,0.210630077,0.217929906,0.199533704,0.2179764,0.213249471,0.218807922
0.20584273,0.204307937,0.219510548,0.236003129,0.214036634,0.211308499,0.200568133
0.220486713,0.203780455,0.212757693,0.217646987,0.200120816,0.224279298,0.214540917
0.217214317,0.199544629,0.206625333,0.20317953,0.210550072,0.211723674,0.233508747
0.197228164,0.209580596,0.21571798,0.208779677,0.230668294,0.208052308,0.214421453
0.193919387,0.209506597,0.215627704,0.203167477,0.221775922,0.202380559,0.195953129
0.20798903,0.207518908,0.210113035,0.224098118,0.219269853,0.199909066,0.194960602
0.204396826,0.205644023,0.215348338,0.22125711,0.232815554,0.205632014,0.193060562
0.193225194,0.212704818,0.214779386,0.202469177,0.214884512,0.212365009,0.20729982
0.206193693,0.214284975,0.215620935,0.208299247,0.205760579,0.226133214,0.201705983
0.203435,0.22386216,0.213607316,0.213660891,0.19741701,0.213329573,0.198972221
0.203698929,0.206120832,0.207807818,0.196207237,0.212713753,0.210199513,0.210357531
0.220078274,0.204233512,0.211991537,0.210343823,0.212720841,0.231836769,0.202364503
0.217164248,0.215981682,0.225109718,0.223892724,0.226308486,0.224142608,0.208929248
0.214448984,0.20619255,0.218268038,0.230524576,0.21217154,0.209757532,0.186913184
0.20774169,0.209735258,0.207686253,0.229333349,0.2215973,0.21614087,0.179924765
0.199919648,0.219655059,0.214520019,0.218542195,0.216080224,0.223299639,0.198629686
0.21711313,0.215149839,0.22224156,0.205969287,0.207196777,0.230265122,0.215333637
0.232297748,0.209724131,0.210963498,0.200437325,0.213955651,0.225605389,0.215962631
0.227964056,0.206216794,0.207229307,0.200891391,0.208215959,0.216317014,0.237856428
0.222632579,0.210793621,0.204580382,0.215827254,0.202686733,0.210679731,0.199242974
0.222960938,0.210258783,0.217189014,0.221157474,0.206410173,0.224069445,0.191484153
0.217025652,0.218680759,0.224850121,0.215247555,0.207386073,0.226675736,0.220018011
0.219306213,0.224805878,0.227515476,0.21860218,0.212657715,0.231199919,0.225052025
0.20449564,0.217645894,0.219150677,0.234029957,0.219198377,0.217799482,0.199749888
0.215912915,0.220382876,0.21722511,0.223242339,0.203027994,0.217898307,0.196735465
0.21093565,0.204458378,0.212580407,0.216667126,0.215183904,0.235278336,0.213729871
0.227932079,0.204931983,0.214996765,0.228796635,0.216686489,0.260697459,0.22753652
0.236166171,0.214206671,0.216128928,0.216081759,0.211940859,0.233538116,0.232951777
0.219622806,0.213719572,0.216987677,0.230632244,0.205865143,0.201457363,0.215003862
0.205693902,0.224543832,0.212303886,0.231127435,0.206463442,0.219011136,0.22473773
0.218574748,0.227113795,0.215500692,0.217879184,0.199740785,0.203222352,0.249371807
0.226913663,0.221314856,0.227909448,0.214343807,0.215796679,0.210859095,0.233085917
0.22800904,0.221447821,0.229596681,0.223811431,0.213432842,0.217625418,0.204454741
0.232690201,0.224923307,0.21983774,0.210516351,0.207260073,0.235763434,0.194479057
0.235036391,0.216758311,0.217797907,0.213853279,0.209386061,0.222622873,0.209684411
0.226411791,0.227174178,0.217417641,0.237272544,0.20557195,0.221435601,0.209114058
0.217367262,0.231396182,0.215740673,0.239161821,0.209724553,0.209682108,0.214671516
0.207813525,0.212551943,0.216639299,0.227333319,0.220815832,0.216203559,0.210548213
0.227957243,0.21413848,0.222114065,0.244769183,0.219031858,0.209697167,0.198808104
0.228457997,0.218129265,0.22225098,0.231141795,0.228124502,0.217522324,0.224601015
0.236558362,0.225598365,0.221965844,0.214085241,0.238205325,0.220811118,0.228419562
0.246885058,0.226215703,0.213561172,0.241764315,0.225262011,0.208792615,0.220209779
0.229826402,0.215251832,0.214513823,0.226592965,0.213489675,0.220456196,0.22444262
0.224730992,0.2132322,0.231856049,0.223839472,0.208364917,0.238040876,0.23615797
0.211713083,0.225042282,0.224261039,0.218831723,0.220844558,0.238297788,0.245384926
0.212763827,0.235189742,0.220059664,0.213267858,0.230079719,0.227493461,0.219726553
0.214373432,0.237544334,0.217651244,0.221556491,0.21964974,0.216554511,0.21989312
0.219618541,0.232560297,0.21928951,0.21725102,0.206873504,0.234621521,0.214849786
0.233922076,0.213183897,0.225068378,0.217589403,0.218256267,0.249807568,0.209794222
0.227268974,0.204534844,0.227381766,0.20750029,0.21647951,0.226116584,0.20200495
0.239862918,0.206540862,0.223971558,0.199708879,0.221799741,0.224533026,0.19307143
0.237890031,0.211256934,0.224004925,0.205272048,0.234523103,0.227590357,0.217961256
0.216092577,0.227252399,0.223735771,0.227910353,0.235623998,0.211747625,0.236099766
0.21277295,0.227195201,0.226262014,0.238704738,0.230167853,0.220363036,0.244805285
0.2262579,0.234218612,0.219016824,0.224215283,0.229285852,0.231515169,0.238971434
0.210883438,0.226943914,0.216956251,0.192162898,0.231516388,0.232406341,0.203148585
0.210170928,0.218192691,0.217388365,0.213035294,0.229695016,0.228208794,0.21517875
0.218977472,0.211098005,0.218414065,0.232342067,0.220092091,0.223349156,0.22203885
0.240617216,0.233763058,0.213888907,0.246612249,0.207191594,0.215256232,0.239988755
0.240855419,0.22736507,0.214601702,0.241088366,0.225927469,0.218397542,0.247015509
0.205119235,0.21829873,0.227380215,0.224538531,0.237953707,0.223722563,0.232911195
0.210490706,0.221321589,0.226184435,0.221116308,0.22037808,0.233070393,0.211422144
0.223276382,0.219329845,0.222839098,0.224617544,0.231295619,0.240728114,0.218502091
0.217974383,0.221991065,0.216144411,0.241980392,0.223996091,0.233946813,0.209835333
0.218660628,0.222594257,0.221526943,0.25953158,0.207818714,0.226744537,0.190179425
0.217426857,0.222835054,0.222529085,0.252967913,0.211551028,0.227899829,0.198188316
0.232662299,0.230252126,0.218452057,0.237936435,0.224709209,0.227436457,0.226397263
0.21791224,0.225447886,0.219401237,0.241197607,0.242986124,0.209778129,0.219085824
0.21866987,0.237163429,0.224702747,0.244660584,0.23056482,0.217793927,0.231482649
0.228241532,0.235646187,0.220450324,0.226419328,0.223250887,0.209984497,0.258121271
0.231536272,0.222637149,0.228553565,0.225631746,0.210332448,0.216972059,0.249461345
0.247939388,0.219220651,0.22497866,0.221236196,0.213807728,0.224629944,0.244738252
0.232539515,0.223204544,0.225726083,0.229048034,0.216478629,0.216132607,0.227470882
0.220186098,0.236327241,0.223488073,0.213225391,0.233525762,0.220451635,0.225943899
0.227850036,0.230310799,0.213786506,0.219042491,0.215678218,0.22438956,0.220356658
0.216533666,0.227490058,0.220764657,0.220873074,0.232577418,0.224837426,0.23254416
0.232277855,0.230154193,0.22629214,0.213459634,0.241745754,0.221828603,0.222771937
0.235246867,0.222871748,0.224798538,0.21405973,0.229036786,0.213548945,0.212850445
0.217572603,0.216687718,0.224333497,0.206652888,0.215250519,0.225467854,0.22592077
0.219248277,0.218607184,0.226528272,0.225293876,0.215656771,0.24146034,0.204156428
0.241898026,0.218593784,0.22172507,0.223340711,0.24345939,0.231782075,0.216399558
0.231057072,0.22041775,0.224742823,0.221848854,0.218311081,0.227308821,0.203838414
0.227169892,0.224877231,0.228172183,0.24703278,0.217443274,0.246475969,0.19326932
0.208825111,0.222348094,0.23172204,0.223009618,0.22503223,0.238818215,0.232795409
0.201802947,0.222323383,0.226193428,0.229268655,0.222001661,0.224496387,0.224181422
0.216423647,0.222634953,0.225897849,0.2233832,0.234006539,0.212064184,0.218056023
0.232926227,0.224275096,0.227458784,0.215612677,0.216826255,0.21578985,0.225931733
0.228882645,0.224097175,0.235677242,0.238422005,0.219905027,0.222810599,0.219182572
0.214107649,0.220306727,0.223300744,0.229335414,0.224271518,0.240255427,0.214764382
0.217615467,0.226301304,0.220826603,0.245442544,0.217045179,0.235630051,0.215664002
0.218088346,0.223593947,0.222256464,0.248639347,0.219209087,0.225963445,0.210486217
0.228186935,0.22782569,0.221881458,0.238331963,0.238643697,0.209295509,0.223454771
0.224397465,0.235296054,0.216851305,0.222554143,0.237333707,0.223513168,0.241375705
0.229489945,0.224141034,0.221955524,0.217778257,0.220696805,0.234045858,0.229700292
0.226956489,0.210324993,0.222432539,0.215729732,0.236036636,0.23534821,0.206922624
0.237276708,0.206384626,0.211933023,0.213148074,0.227463575,0.234424212,0.21416708
0.235777218,0.201386724,0.200369688,0.215162392,0.223258357,0.229972668,0.228388496
0.214028786,0.201651564,0.216483455,0.222588969,0.232161412,0.225276941,0.22072256
0.221908483,0.207481077,0.216843676,0.236346489,0.218165611,0.232885441,0.237886559
0.221047072,0.213280649,0.210420106,0.236849625,0.225026751,0.233569203,0.230815396
0.214506436,0.220176435,0.215081012,0.227101669,0.225967313,0.215590361,0.231804911
0.209396555,0.224469812,0.217107584,0.235554886,0.231086154,0.226479146,0.21067169
0.210978593,0.218608585,0.224889553,0.239665453,0.230149869,0.213723838,0.193670569
0.208089898,0.212603433,0.219345835,0.197406875,0.228546655,0.225599149,0.198814522
0.207234879,0.205316524,0.212584897,0.190210959,0.222259419,0.218765161,0.208867353
0.206511027,0.205896651,0.219629714,0.21960395,0.218139024,0.210096573,0.212703716
0.207882835,0.216872917,0.226226228,0.227472467,0.224874402,0.213831966,0.201461335
0.227422159,0.224989264,0.21826898,0.220930286,0.22823989,0.224735738,0.203738164
0.229568313,0.218414024,0.212272264,0.209992098,0.23232391,0.224213638,0.215196551
0.229095647,0.208558876,0.215434004,0.204549645,0.215441261,0.217628769,0.216375212
0.220583905,0.204505642,0.213954023,0.226803449,0.221030661,0.205773664,0.214470951
0.233813535,0.216268064,0.223571639,0.217187547,0.236069328,0.208543208,0.211731916
0.22450938,0.225174059,0.22148106,0.209886357,0.231449195,0.197283062,0.210299884
0.228055173,0.220249906,0.21866693,0.219854821,0.230571612,0.207124229,0.2019472
0.247402734,0.217502245,0.222183792,0.220188342,0.221614134,0.210333344,0.216551513
0.236301476,0.221088126,0.211599321,0.205063787,0.206387957,0.228390373,0.227342397
0.231509721,0.216296619,0.209726201,0.22365886,0.205850421,0.222710028,0.211985177
0.224578901,0.22491253,0.216408038,0.237320564,0.219926124,0.206308712,0.207730836
0.230012519,0.222473137,0.214116541,0.237084711,0.220662761,0.216227949,0.226148279
0.24043745,0.217099153,0.21003263,0.223606685,0.225488332,0.22123463,0.207685462
0.22649909,0.220451398,0.215273664,0.221522464,0.218520432,0.209989103,0.204226188
0.218311705,0.220489002,0.221490565,0.210160478,0.223516834,0.221766851,0.229810902
0.209712386,0.213096815,0.225591806,0.212154182,0.22378601,0.237411826,0.213101285
0.201530207,0.211550243,0.223250681,0.228467451,0.226413185,0.229101763,0.214747958
0.212523626,0.227614457,0.22346747,0.224114771,0.219991155,0.211321006,0.230397026
0.226965715,0.206540419,0.227007259,0.233393984,0.225907149,0.205775682,0.241141229
0.230164141,0.207330767,0.220896351,0.234733437,0.220779353,0.223023601,0.211638389
0.232223975,0.208822174,0.218360959,0.220870125,0.203383792,0.23115453,0.205852195
0.23005644,0.200688984,0.21208639,0.20642075,0.209048552,0.219667091,0.221218622
0.231662941,0.214787205,0.206866739,0.227670259,0.218760271,0.20505005,0.224909379
0.221739585,0.21684729,0.213821025,0.218123373,0.210942834,0.212881849,0.222463975
0.229381615,0.213326053,0.213290383,0.20897077,0.203108992,0.216463107,0.238285794
0.224665269,0.22104009,0.213050992,0.22434541,0.212338399,0.206718088,0.222729039
0.222887389,0.221744521,0.221226295,0.230676384,0.216868154,0.209022881,0.222017609
0.201679845,0.199335912,0.221806112,0.220612074,0.212377954,0.217040258,0.209862297
0.208311558,0.20166035,0.222882548,0.209996507,0.208596414,0.220222259,0.204378974
0.209708139,0.214822508,0.217396928,0.200252309,0.216752491,0.206368139,0.226756526
0.196246702,0.209445544,0.214647224,0.21869074,0.212748794,0.210345389,0.224401771
0.228319376,0.221497026,0.22052573,0.213417956,0.215624949,0.216604869,0.213029668
0.250448949,0.215857879,0.217830596,0.211772584,0.231765233,0.226002139,0.202710839
0.238653219,0.219755039,0.216013377,0.23008425,0.22099892,0.226277095,0.201794346
0.222559699,0.21733756,0.224281784,0.201643259,0.21321784,0.222536475,0.203556112
0.224093445,0.219394449,0.218534394,0.204328608,0.218798097,0.212612648,0.227492172
0.227018524,0.216610719,0.212656896,0.208452557,0.233516625,0.213782503,0.227507524
0.221899904,0.218078463,0.205965871,0.208974808,0.235164384,0.216297611,0.218822067
0.208089504,0.223713031,0.214308671,0.216233196,0.211999628,0.21214541,0.204410772
0.191692873,0.223632688,0.22044216,0.218102171,0.212853978,0.216240313,0.212046621
0.195921373,0.208995602,0.222215308,0.213033253,0.236417921,0.218739244,0.213534334
0.197194421,0.215856184,0.21934768,0.21492524,0.228774512,0.241424136,0.207300112
0.212960248,0.216140565,0.221779701,0.216480299,0.207043314,0.239844698,0.222800879
0.200529677,0.215637216,0.219031698,0.215558115,0.210838592,0.227384126,0.223759218
0.20692336,0.217918843,0.215269247,0.223367868,0.218727634,0.220966418,0.22894489
0.217333485,0.21444333,0.216919163,0.229251912,0.212080253,0.215988159,0.217895668
0.21978034,0.217201349,0.217927768,0.226433988,0.22184066,0.21267667,0.191236872
0.214884425,0.2106675,0.222299531,0.217825875,0.221771015,0.215885679,0.242637085
0.215432655,0.220721825,0.219180572,0.202204182,0.210153706,0.226546426,0.243029651
0.219563268,0.224235277,0.218537979,0.200956982,0.2182467,0.225891068,0.235231368
0.21484968,0.229372586,0.21522422,0.204618393,0.226768055,0.21146292,0.21943266
0.226065195,0.214791671,0.217676464,0.217681375,0.223536667,0.220606006,0.207455603
0.225370957,0.213917678,0.214285428,0.227510635,0.209684924,0.210695712,0.215084374
0.232418531,0.214373114,0.21823042,0.226004993,0.198898424,0.209797744,0.221599052
0.230506771,0.209797014,0.216571233,0.231278131,0.192971567,0.208351795,0.208245015
0.221503938,0.212200306,0.217998247,0.217814907,0.194089397,0.231163469,0.216481216
0.220321897,0.216918862,0.212198356,0.20145277,0.197990717,0.233139389,0.211375694
0.205534576,0.212612784,0.20319092,0.195006515,0.214856891,0.215056988,0.23698035
0.212978373,0.207764252,0.203773408,0.210355459,0.211722973,0.199614939,0.210883415
0.219311786,0.227356253,0.209076665,0.224375252,0.211146181,0.204867899,0.225536147
0.219163634,0.219138694,0.221796562,0.220578893,0.206779358,0.206837272,0.220096766
0.210165148,0.22048356,0.21867276,0.215244499,0.211846694,0.204851046,0.213815684
0.207768398,0.225254452,0.218514392,0.204971015,0.213234884,0.231377575,0.226785804
0.205261697,0.215503359,0.215564576,0.205813658,0.217948987,0.231112523,0.210950029
0.214953385,0.209763613,0.21822305,0.214457661,0.210733281,0.219592438,0.226524855
0.22483791,0.206861031,0.212393939,0.209476739,0.209248364,0.226572638,0.245220563
0.216044648,0.201088027,0.213242614,0.21440945,0.20603989,0.216150344,0.215069391
0.206000458,0.207555514,0.218518772,0.209806049,0.208707479,0.234590035,0.2040216
0.229179842,0.221532928,0.2174167,0.205090655,0.216033826,0.225720118,0.217209558
0.234971946,0.214320101,0.222983374,0.204883855,0.218014306,0.201075864,0.213147464
0.224225205,0.233100017,0.22224285,0.20198909,0.217882857,0.207193457,0.192551524
0.21048984,0.217963981,0.213275742,0.19870217,0.222370198,0.196947872,0.207164527
0.205970592,0.206693313,0.204018698,0.202678332,0.223976201,0.218055583,0.230516612
0.220832776,0.201331218,0.214471139,0.206707484,0.219136333,0.209379726,0.227313361
0.21688717,0.211260604,0.218519309,0.19933287,0.206590616,0.20170526,0.215128507
0.211006801,0.230605671,0.215197723,0.199972464,0.210372414,0.20271229,0.211594637
0.215052506,0.226485488,0.214618059,0.198915815,0.22693534,0.22007632,0.226052762
0.201078767,0.216332647,0.214769979,0.207243595,0.202781036,0.211599126,0.205016405
0.202281635,0.2184054,0.215170245,0.215416909,0.194761337,0.220028556,0.211641813
0.21131506,0.21521424,0.20823998,0.220610417,0.217249935,0.225042362,0.220529354
0.213019087,0.217091298,0.209200102,0.216079041,0.217426735,0.217129688,0.228749234
0.222683182,0.225117817,0.221595903,0.212527817,0.204292838,0.198335813,0.226389621
0.208555542,0.219986561,0.220129299,0.189385903,0.221415144,0.214457125,0.228953391
0.227336612,0.213094116,0.222804374,0.179871896,0.214446189,0.215979146,0.190407976
0.235827918,0.205663408,0.219476773,0.210665855,0.209869409,0.207001886,0.225905254
0.225637852,0.205313716,0.211814052,0.205832537,0.205793262,0.207434369,0.227101125
0.208846724,0.210489544,0.205830353,0.203401518,0.202473342,0.21173651,0.225395791
0.206765754,0.218836526,0.215062651,0.225481696,0.207672203,0.21702096,0.199663993
0.19161006,0.213761721,0.210036666,0.218702247,0.210293904,0.219872761,0.212131701
0.19802295,0.210031499,0.210321837,0.198420666,0.213142028,0.227002008,0.236598101
0.209535349,0.191794859,0.211999503,0.204632654,0.204336918,0.20381176,0.22178518
0.214196403,0.202690367,0.201478046,0.234847839,0.198788004,0.200697271,0.220472398
0.213457138,0.210388989,0.210984726,0.211946588,0.217880861,0.211978895,0.227906194
0.21896021,0.208446774,0.205395262,0.199893798,0.212589859,0.216330598,0.209286699
0.209998946,0.216233503,0.207231421,0.190450022,0.216071976,0.196144629,0.20790691
0.212569571,0.218247843,0.219897983,0.213006033,0.213401537,0.207423065,0.197264581
0.212116304,0.203426128,0.216738107,0.194629348,0.210005441,0.209908801,0.213432642
0.20506336,0.208505432,0.209835529,0.211494153,0.217303302,0.208350969,0.214636509
0.225684842,0.207757858,0.210926215,0.222924335,0.212033441,0.20541338,0.218430105
0.214344591,0.211508324,0.210913476,0.203080472,0.217333121,0.205058179,0.22099507
0.208079723,0.207488045,0.204725898,0.207635337,0.203770655,0.213229622,0.205862228
0.209651799,0.208830325,0.200019262,0.196334995,0.193502433,0.216062986,0.206319581
0.203330949,0.2036643,0.209648168,0.195457557,0.20557554,0.20560905,0.182070422
0.209070243,0.203839769,0.212409556,0.205655265,0.202999083,0.219756713,0.207588496
0.19956468,0.201692095,0.209723264,0.216782205,0.216524716,0.227442823,0.193182248
0.202799983,0.20196037,0.207301545,0.203843672,0.216966746,0.210506013,0.202768152
0.200871847,0.210678564,0.216323303,0.191592985,0.208943732,0.20564816,0.210120132
0.197863018,0.220955996,0.206260045,0.194538038,0.20945352,0.215932372,0.211831267
0.20622683,0.212673472,0.202094332,0.196371466,0.207370056,0.205825194,0.209338111
0.212834871,0.19833769,0.204026229,0.192106454,0.204798428,0.205829106,0.203014661
0.218278353,0.20163805,0.203188219,0.189165439,0.201969976,0.214299521,0.209106385
0.2068545,0.201926012,0.202547528,0.186827315,0.189852526,0.206022017,0.221168194
0.211638588,0.211683485,0.20096562,0.188738675,0.18864879,0.194984712,0.21131177
0.209490689,0.211385209,0.200186783,0.207194134,0.197059128,0.188598035,0.205245895
0.21173,0.195395862,0.208887848,0.205401959,0.215523274,0.211277319,0.2089061
0.210665567,0.204266018,0.21403566,0.201071212,0.214740815,0.209595216,0.20554854
0.204005638,0.208271739,0.210481025,0.199886463,0.214364169,0.198557211,0.19201299
0.199140891,0.196427582,0.209063365,0.216373432,0.22318422,0.205699361,0.18985597
0.203263227,0.181566743,0.203998106,0.220284926,0.209887059,0.212242413,0.184077203
0.196046669,0.188956047,0.199115426,0.205760075,0.219865181,0.20638504,0.20837891
0.193586059,0.196640125,0.207890085,0.207423913,0.210303282,0.212673142,0.222456734
0.194302812,0.20032472,0.213651737,0.210175979,0.2037991,0.208286398,0.233121472
0.181963806,0.205473828,0.206975378,0.217045549,0.193475221,0.207542154,0.226982853
0.196778832,0.200929686,0.202541055,0.217777381,0.210538735,0.200430882,0.190890032
0.205340429,0.201814944,0.200088741,0.196850328,0.211682467,0.192610314,0.178583562
0.201148384,0.20640941,0.199908717,0.192803583,0.203771905,0.197853189,0.190265332
0.20780132,0.189703581,0.200267339,0.213572108,0.204641979,0.196764125,0.206106231
0.198703918,0.20187114,0.205650598,0.206920895,0.21335571,0.195293452,0.173915462
0.191373433,0.202574573,0.205308597,0.187676298,0.20676058,0.201510693,0.159788408
0.202903614,0.194667931,0.206815312,0.188762144,0.204326483,0.215257226,0.189399143
0.184761573,0.189140224,0.206499175,0.192862586,0.191604178,0.213034615,0.186690647
0.186805778,0.197350759,0.201656833,0.191383485,0.195810356,0.202572088,0.182889658
0.184817916,0.202846087,0.199808004,0.208059761,0.190514186,0.190965805,0.216036407
0.196553817,0.196348296,0.203423247,0.202497761,0.188721169,0.189454523,0.198528976
0.209670716,0.191603332,0.204438988,0.186296402,0.196960245,0.201082883,0.198584207
0.216367339,0.193842732,0.203771903,0.179542787,0.204761702,0.211043088,0.225119816
0.194343542,0.201800323,0.201860457,0.194932605,0.20453028,0.208645096,0.202578218
0.187795702,0.202274948,0.206321943,0.197868075,0.198548417,0.197523162,0.193074464
0.190015638,0.203619,0.204497888,0.189398239,0.196398135,0.175178936,0.199535473
0.19681083,0.210948582,0.205420121,0.188205194,0.202212011,0.178991307,0.213159113
0.213490436,0.217330019,0.203686063,0.193079669,0.206291924,0.192979183,0.197774553
0.203087046,0.195702042,0.200532015,0.202453949,0.204241106,0.197787122,0.202178225
0.190352676,0.188341858,0.196739263,0.197508287,0.205558936,0.192603924,0.221999703
0.188399788,0.189098129,0.200411507,0.203901481,0.203509763,0.190587399,0.208046519
0.211805806,0.191794105,0.196769392,0.206052081,0.212643655,0.193142616,0.188917036
0.223420171,0.193425932,0.194144462,0.212344744,0.209570132,0.20119357,0.181574225
0.203801842,0.204634607,0.196972746,0.193442399,0.199507353,0.206648337,0.196496431
0.198490637,0.204755719,0.193283539,0.190097528,0.196425563,0.197154519,0.226327781
0.209931437,0.198552536,0.201663559,0.200226257,0.197702924,0.19156916,0.20293085
0.20598925,0.199392538,0.203869177,0.193107734,0.201129967,0.181535856,0.185698134
0.210200768,0.205099957,0.204194434,0.185070162,0.204318189,0.192542944,0.198364649
0.188665021,0.20297086,0.199494917,0.183275954,0.200892515,0.208866855,0.195498941
0.19229912,0.196321527,0.202234046,0.185490638,0.188817715,0.204436246,0.184865803
0.216117168,0.187768693,0.204053458,0.177583142,0.187014444,0.213933698,0.196645603
0.203972609,0.192118958,0.198994581,0.18751622,0.188750315,0.212690206,0.209122237
0.194132249,0.194277466,0.195536768,0.201898041,0.193658504,0.211304525,0.205875911
0.197480648,0.187519245,0.19760342,0.185399519,0.207155708,0.203954172,0.18545506
0.191818986,0.187528249,0.204319274,0.183843012,0.201635103,0.202094626,0.174260435
0.195931492,0.194613559,0.206510882,0.191286687,0.193140547,0.197581673,0.187503087
0.195028358,0.194527293,0.19860757,0.191205149,0.18534296,0.176865539,0.196823369
0.209601604,0.187620452,0.197090603,0.18695549,0.187952763,0.193990692,0.202098869
0.20985532,0.200253568,0.194863907,0.200926825,0.199550098,0.203479809,0.204463513
0.205220781,0.208834657,0.200497068,0.20468775,0.189645284,0.195371995,0.202136903
0.188512874,0.204616292,0.198112579,0.210283269,0.199090807,0.19987149,0.184330563
0.176103603,0.190537752,0.199101994,0.220597815,0.204395228,0.198733249,0.170767929
0.182246716,0.193865371,0.199458433,0.217971316,0.189103289,0.194715126,0.177056028
0.197114584,0.19946892,0.19697142,0.209884627,0.184708367,0.193754593,0.192015172
0.195853071,0.194055214,0.191324912,0.195166946,0.192973874,0.20100767,0.203863618
0.194036742,0.198243911,0.190367165,0.189150986,0.199346495,0.197149803,0.191699177
0.179918946,0.197957621,0.193398197,0.199880716,0.189542481,0.187688968,0.181801234
0.178963272,0.192156324,0.19919049,0.190523428,0.192005996,0.189393173,0.192801733
0.186602216,0.190094948,0.190151199,0.192573388,0.201313319,0.204977423,0.198208334
0.202301006,0.188130278,0.194639328,0.205023716,0.197517044,0.205924431,0.188918032
0.198194504,0.182739216,0.199365121,0.189370984,0.194625015,0.181152452,0.206112578
0.192517039,0.189864604,0.190588344,0.192881186,0.192101708,0.171773724,0.199730576
0.194253684,0.184050917,0.187160617,0.208535621,0.189114359,0.176537098,0.187708855
0.198982892,0.188555536,0.189773407,0.19200804,0.18918279,0.200531786,0.211711897
0.213905492,0.204471366,0.186810538,0.189648313,0.178107302,0.196079672,0.209298792
0.215042085,0.201963693,0.189308685,0.1908642,0.188097356,0.208648882,0.215392441
0.200039305,0.197138548,0.191029845,0.209575957,0.198143947,0.199047581,0.218233093
0.193430467,0.1985247,0.192028479,0.192629048,0.205067859,0.199886269,0.188417695
0.198498371,0.203866413,0.194148063,0.186594019,0.198000376,0.190759031,0.173234566
0.199660294,0.200898606,0.199348819,0.194946955,0.209506379,0.19557803,0.177578825
0.187595353,0.195968522,0.198406597,0.175893317,0.19894436,0.210468379,0.16822358
0.198307187,0.191951496,0.191933876,0.200748541,0.191652224,0.198814423,0.182380395
0.179194278,0.196067523,0.186306182,0.200060716,0.201565096,0.183495325,0.199541942
0.186922838,0.196705254,0.191318785,0.197694701,0.205258615,0.196949753,0.179754528
0.201282888,0.190000716,0.200125142,0.207260979,0.204137694,0.18148819,0.171946845
0.205872622,0.193322232,0.205920997,0.194814208,0.197479944,0.193126026,0.199651029
0.213528938,0.193946064,0.19876186,0.192104719,0.203352953,0.20479488,0.200474609
0.227583604,0.183262675,0.19360833,0.181556795,0.209221274,0.20064144,0.203815748
0.208432354,0.188500081,0.192676334,0.178374241,0.204076065,0.195825595,0.200110464
0.173689062,0.191859028,0.19058872,0.183261359,0.18977572,0.192905865,0.188459313
0.188261029,0.186491463,0.191537261,0.20355776,0.186063426,0.185677548,0.192570025
0.199080768,0.194932047,0.203783913,0.199877266,0.194530535,0.18876717,0.197826171
0.191589864,0.195614925,0.201186283,0.202112471,0.193955363,0.195288744,0.21718073
0.196266959,0.197228769,0.198625502,0.199753297,0.193149055,0.194175481,0.208933889
0.198202697,0.201327764,0.186730081,0.202198012,0.194090203,0.194220434,0.188770693
0.206470086,0.201751602,0.188824799,0.204415222,0.194295974,0.202375633,0.205490474
0.189438853,0.199566038,0.197727567,0.194375148,0.203311314,0.204528838,0.19815486
0.176009769,0.19414122,0.195794136,0.186883483,0.204851936,0.198485927,0.182964525
0.203634819,0.19824261,0.194414378,0.192024996,0.187348079,0.187201565,0.209836433
0.207922891,0.205132912,0.201505604,0.196941083,0.182983885,0.192106784,0.211306049
0.195569764,0.207829747,0.207186374,0.191711509,0.190256116,0.195679454,0.214355967
0.205693288,0.206308657,0.201626497,0.19896945,0.19435209,0.19248857,0.204693953
0.209655458,0.209407317,0.202001513,0.189086076,0.197603924,0.184445375,0.209708843
0.195663895,0.199551356,0.194838917,0.197691531,0.202635299,0.187296947,0.204556595
0.19240201,0.193885205,0.201170715,0.188241003,0.20081102,0.20996385,0.195237369
0.183842057,0.20024697,0.201863746,0.201351072,0.209285341,0.204845829,0.207340522
0.197491941,0.197314937,0.198788943,0.214691535,0.185338382,0.203637302,0.191718644
0.207216601,0.19756886,0.199237657,0.212117903,0.189727149,0.196745969,0.198827139
0.200949554,0.202859662,0.198196355,0.214215076,0.208112759,0.193206837,0.209442628
0.206649193,0.203716994,0.205127524,0.214377849,0.194045312,0.19260833,0.201809978
0.198942146,0.20849201,0.203124153,0.208730566,0.194145585,0.200093305,0.191780414
0.192565759,0.204551708,0.202986949,0.212807984,0.208186723,0.201604342,0.192808427
0.197377725,0.188748069,0.207043248,0.189787926,0.199652361,0.200151447,0.194388044
0.194314425,0.179903773,0.200460045,0.191342601,0.211494653,0.195845122,0.218594135
0.205577458,0.192492196,0.206156428,0.20719486,0.210267451,0.20375989,0.206650691
0.207673303,0.207594938,0.20412178,0.206296681,0.191915627,0.20580471,0.211804716
0.213405229,0.210650335,0.199458513,0.201465085,0.19923399,0.206752317,0.216443105
0.189049685,0.198330206,0.198360159,0.19575478,0.1969329,0.19333277,0.238950612
0.190228463,0.198871331,0.200431866,0.213324869,0.200117155,0.197985551,0.220535134
0.200345011,0.201825247,0.194370816,0.218883023,0.216332975,0.197543597,0.189557349
0.20025944,0.204557299,0.205578334,0.19925532,0.209333253,0.211314021,0.200245407
0.195061028,0.207257544,0.202497687,0.205291032,0.201464691,0.217041992,0.216931586
0.207181809,0.214105309,0.202055222,0.206677942,0.192195213,0.212585103,0.222624849
0.220792811,0.215608349,0.204494152,0.199200448,0.186688175,0.212965495,0.211408071
0.198611725,0.202408115,0.209382439,0.208903068,0.191193291,0.206175952,0.20781104
0.200327367,0.206916993,0.20920149,0.193328807,0.206601937,0.204269218,0.194872423
0.208910066,0.205192192,0.211562512,0.218481969,0.213757374,0.212260737,0.19979953
0.191113046,0.211977039,0.214872302,0.218356744,0.206965479,0.211320242,0.204469114
0.204775545,0.219835632,0.219771574,0.195104909,0.217079035,0.193050555,0.193837522
0.213353978,0.216907194,0.21782361,0.20498876,0.224081398,0.200189021,0.207958883
0.20877976,0.214500258,0.212989987,0.211707184,0.216618782,0.213692572,0.191521172
0.216605634,0.21238717,0.212732908,0.211985153,0.203184725,0.209832608,0.216606168
0.235412022,0.221065626,0.218392201,0.221049124,0.208727623,0.213248586,0.223702043
0.243457219,0.212691134,0.215677215,0.215182046,0.219838841,0.20928144,0.203996537
0.212252034,0.212539659,0.206902513,0.202928349,0.226595497,0.210013571,0.207035419
0.210444831,0.217812171,0.215636987,0.204761002,0.208748649,0.213097897,0.202985393
0.214097313,0.22277816,0.22160947,0.217340033,0.224447377,0.212809,0.225991792
0.207373974,0.224317001,0.223106045,0.217970279,0.224548296,0.221753757,0.219287972
0.233428928,0.225547153,0.229750031,0.211601776,0.223074456,0.222046204,0.23309304
0.253385428,0.232406371,0.223930137,0.220368642,0.232709254,0.215288093,0.242145644
0.223981025,0.231530955,0.22178869,0.243008071,0.224385762,0.216984335,0.235398468
0.228608234,0.235832202,0.224418358,0.229472617,0.216295192,0.223850346,0.245556935
0.217969546,0.245046773,0.225926191,0.229659587,0.232506293,0.234183896,0.268203085
0.215930928,0.232649893,0.229786263,0.233801488,0.235649013,0.229255934,0.265243863
0.218289669,0.224538214,0.239678961,0.215167241,0.221848854,0.215802761,0.260150715
0.236310911,0.22223429,0.241600385,0.227141385,0.225043242,0.230900151,0.268129003
0.247592933,0.23688761,0.236780042,0.221373568,0.23705603,0.250425082,0.233284457
0.250018938,0.236325012,0.244103082,0.244036339,0.250028991,0.253730033,0.234063498
0.260630848,0.24317408,0.247564809,0.278187961,0.262062017,0.247933638,0.269567772
0.243315757,0.257607524,0.24740148,0.262178144,0.247337048,0.246443681,0.270547866
0.250640825,0.253189791,0.262588152,0.235124152,0.257601934,0.246860551,0.248647053
0.271574703,0.251171798,0.269334768,0.242502062,0.266615866,0.252695292,0.270886391
0.254842071,0.266317699,0.265021036,0.263436956,0.27823859,0.260412595,0.280667217
0.244559136,0.280863958,0.26599503,0.273457872,0.263130492,0.268282635,0.253014358
0.271358719,0.275906715,0.281643651,0.291937007,0.265330801,0.260159613,0.248058944
0.278608191,0.279136276,0.287358584,0.283583063,0.266192807,0.264118797,0.269972142
0.274598902,0.291945223,0.28322981,0.295244028,0.277590491,0.278424191,0.28011165
0.283804293,0.300275423,0.297677308,0.280948026,0.299841215,0.306839693,0.299686147
0.33544084,0.30280998,0.300877795,0.288898325,0.307700417,0.309070567,0.304608233
0.344848296,0.301874555,0.296787534,0.343348595,0.302989747,0.272182742,0.270431969
0.35503052,0.292628762,0.302788242,0.303823315,0.314702579,0.283787953,0.277089357
0.308415558,0.29642301,0.307635084,0.287068587,0.346581906,0.303970221,0.300196144
0.310035259,0.309996864,0.310417137,0.281401206,0.360508115,0.309341314,0.334086827
0.322814024,0.334202601,0.326969675,0.278278437,0.344356593,0.309999251,0.321180161
0.322909251,0.32662498,0.325258784,0.30850596,0.343470572,0.296609039,0.292369209
0.326818353,0.331066692,0.338616329,0.294956813,0.353099374,0.306610612,0.320525304
0.313026258,0.333180066,0.339303622,0.309541223,0.339986513,0.320958413,0.328928355
0.315609503,0.329898343,0.33778201,0.326105434,0.353343424,0.310896378,0.350890605
0.32413216,0.328692442,0.326691307,0.342140686,0.331619348,0.329894003,0.339448556
0.342595421,0.338517384,0.317481498,0.329455173,0.321797945,0.352579939,0.306437044
0.349377639,0.345209269,0.325105635,0.340006466,0.31981185,0.344823027,0.325515903
0.343117708,0.360273098,0.323095654,0.360222799,0.335730029,0.30715598,0.356792265
0.324312093,0.3369094,0.332685358,0.349954399,0.355887013,0.288006316,0.351315651
0.315863164,0.334619342,0.336985288,0.34023521,0.339841895,0.325654221,0.382966961
0.317183005,0.344478566,0.319806844,0.317303118,0.317822042,0.331995273,0.358965344
0.340835821,0.332978605,0.322925692,0.319201718,0.300110138,0.32932408,0.324513467
0.31915428,0.327557365,0.31920932,0.344177381,0.306401533,0.314526366,0.319257964
0.316430162,0.318438369,0.317472404,0.366319986,0.328534823,0.305218177,0.354004205
0.302975923,0.305597739,0.324799404,0.322022795,0.321901755,0.334370655,0.330443009
0.280687729,0.30345751,0.324154062,0.287767473,0.322585162,0.323049913,0.306164746
0.304968424,0.309169284,0.318467959,0.290078758,0.30262382,0.308178563,0.290904378
0.284659683,0.31153234,0.307648233,0.306816261,0.295002407,0.311757644,0.284581482
0.29162567,0.310920799,0.301712969,0.302438635,0.292871456,0.31700961,0.266647945
0.279873841,0.307861438,0.298981762,0.281778753,0.29526377,0.288779827,0.269059144
0.281251989,0.308379305,0.304206377,0.30614321,0.289085809,0.305708293,0.26806037
0.282962852,0.290407959,0.305878536,0.317659491,0.30056782,0.305820478,0.255167178
0.293083268,0.27429171,0.309905564,0.31603754,0.29717365,0.272287622,0.275590777
0.299730833,0.296690455,0.299070204,0.28706061,0.297052467,0.293421802,0.287124811
0.297970014,0.29508162,0.287822376,0.29291651,0.277298686,0.308244507,0.26496027
0.289002496,0.283706074,0.28942653,0.292208955,0.263285581,0.309064727,0.288817953
0.28139305,0.280168372,0.286107048,0.288385658,0.283949452,0.300843995,0.30560669
0.28408344,0.276837011,0.282460077,0.28477718,0.287918199,0.304974644,0.267714694
0.28762507,0.286295633,0.281433466,0.285344358,0.264259546,0.310885634,0.266733728
0.268705814,0.283604381,0.282482402,0.294020786,0.297983228,0.291922124,0.258429497
0.260874473,0.271121286,0.281943585,0.266982681,0.285541388,0.285545773,0.255116387
0.282542112,0.263468785,0.27438956,0.2680557,0.259979804,0.282759658,0.271434588
0.306981516,0.267721467,0.270642182,0.281070709,0.268953078,0.272819671,0.293450035
0.289371034,0.265805204,0.272553656,0.269616202,0.278696702,0.287241669,0.285245327
0.2667128,0.259107759,0.272306692,0.260112316,0.266597147,0.279608987,0.277096923
0.249144067,0.254998987,0.272908179,0.245307277,0.263015013,0.282500584,0.267806186
0.283237257,0.265374135,0.277567296,0.267630458,0.258940331,0.280103034,0.278727416
0.276752818,0.269108923,0.264135302,0.268204314,0.273127575,0.288212361,0.261107561
0.271910111,0.267303115,0.257486643,0.260909272,0.271259901,0.270535068,0.244813311
0.273282123,0.261352095,0.26169043,0.255759608,0.259371705,0.259404317,0.260132042
0.269976653,0.262904312,0.261405214,0.250353829,0.257625165,0.27047909,0.267723834
0.26352179,0.268017027,0.264855997,0.247710316,0.27802555,0.260745002,0.271425138
0.262763385,0.268060202,0.263071987,0.255269257,0.263388113,0.28182446,0.281908315
0.249717029,0.263190285,0.26093597,0.264699505,0.262422079,0.283264421,0.276250114
0.26291221,0.269045168,0.266323023,0.270479083,0.267376251,0.255526519,0.262387643
0.273179395,0.25458059,0.26337226,0.266450864,0.267740834,0.255732076,0.254668138
0.274182326,0.248174032,0.255491186,0.254132703,0.277781306,0.249527559,0.29299432
0.253783904,0.261267512,0.259367475,0.249804769,0.26714273,0.254686786,0.266632848
0.268161259,0.260409221,0.268054943,0.236004894,0.282321756,0.248897015,0.253122657
0.267314638,0.261844631,0.261089798,0.239274996,0.255688532,0.234374484,0.252456019
0.263148732,0.258432385,0.263081115,0.259884946,0.253167942,0.250613748,0.254892889
0.251099631,0.237571097,0.259763992,0.251993875,0.274341967,0.267696369,0.239569253
0.238001079,0.248506465,0.252202759,0.247160739,0.263047829,0.250011402,0.239019802
0.25782506,0.250201294,0.256291063,0.250409704,0.256632452,0.268382419,0.233537962
0.266729756,0.258220125,0.259150855,0.234001109,0.247253948,0.278133835,0.228218322
0.268156541,0.252260853,0.252850785,0.234431498,0.251788162,0.266564131,0.253017249
0.251442446,0.261704273,0.255198022,0.2531095,0.262226113,0.261986035,0.276242931
0.233907207,0.257605632,0.25842344,0.229978299,0.264259779,0.264062762,0.259873815
0.249078064,0.263587191,0.252831648,0.248369179,0.243986813,0.259264303,0.245346374
0.260548651,0.258060799,0.25912123,0.26924659,0.237338709,0.277293596,0.244102266
0.273236577,0.256802432,0.263547616,0.232266316,0.247602734,0.262654762,0.242790869
0.257137342,0.259548889,0.242374765,0.223190772,0.255894735,0.240466908,0.246971168
0.251560331,0.254214258,0.249639821,0.223409826,0.25306702,0.244635148,0.268911087
0.266834135,0.261547181,0.261774671,0.233752185,0.263711249,0.263372331,0.262299089
0.251849583,0.265999468,0.255737119,0.233202933,0.273221928,0.254112328,0.260671521
0.249772529,0.250758843,0.2513905,0.247892523,0.259293149,0.238836079,0.249298991
0.246299389,0.251924255,0.248715455,0.245247426,0.241762448,0.22224517,0.243007884
0.123220955,0.134337516,0.12359822,0.119322631,0.122971449,0.112057286,0.123783524
